canonical_id,known_roles,first_seen,last_seen,n_games
01,survivor,2023-07-08,2023-07-09,8
01499,hunter,2024-03-09,2024-03-09,1
06sy,survivor,2026-03-07,2026-03-07,5
0r2l,survivor,2025-03-01,2025-03-01,3
1031,survivor,2022-02-19,2022-02-19,1
111,survivor,2021-03-20,2023-03-25,17
1127,survivor,2025-09-11,2025-09-12,4
113,survivor,2025-02-22,2025-02-22,4
121x,survivor,2021-09-11,2021-09-11,3
143,hunter,2022-06-25,2022-06-25,2
147,survivor,2026-03-01,2026-03-01,5
17,survivor,2026-03-01,2026-03-01,2
18,survivor,2021-06-12,2026-04-19,747
1k,survivor,2021-03-21,2023-08-13,59
1m,survivor,2021-03-20,2021-04-16,11
20330,survivor,2023-02-18,2023-02-18,1
22,survivor,2020-06-27,2022-04-03,49
230,survivor,2025-03-01,2025-03-01,2
23e,survivor,2024-07-20,2024-07-20,3
24savage,survivor,2023-02-18,2023-02-18,2
27,survivor,2022-12-03,2022-12-03,2
275,survivor,2024-07-20,2024-07-20,3
"2単位おちびや",survivor,2021-11-13,2021-11-13,3
33yyds,survivor,2022-02-20,2022-02-21,6
3brother,survivor,2022-03-19,2022-03-27,5
3o3,survivor,2021-02-26,2022-09-25,22
40,survivor,2021-11-26,2022-08-05,28
445,survivor,2020-06-25,2022-10-23,231
477,survivor,2023-02-17,2023-06-25,9
481,survivor,2022-08-21,2023-04-16,41
487,survivor,2020-06-25,2025-11-29,845
489,survivor,2022-02-20,2022-06-25,4
4d5b,survivor,2025-03-01,2025-03-02,7
4ta5,survivor,2021-06-13,2024-03-15,25
4u,survivor,2020-10-02,2020-10-25,18
50zai,survivor,2022-07-02,2022-07-09,3
520,survivor,2025-02-21,2025-06-15,39
5252,survivor,2023-02-17,2023-02-17,4
5353,survivor,2021-09-11,2021-09-25,12
55ee5,survivor,2021-05-28,2021-05-30,7
567,survivor,2020-06-25,2021-05-01,46
588,survivor,2023-09-28,2024-03-17,10
5884,survivor,2025-02-22,2025-03-09,15
589,survivor,2022-12-03,2022-12-03,2
61rd,both,2021-06-13,2022-03-11,19
66,survivor,2022-02-26,2022-02-26,3
67,survivor,2026-03-07,2026-03-07,3
6|in,survivor,2021-08-27,2021-08-27,3
705,survivor,2023-02-24,2023-02-24,1
71,survivor,2023-07-08,2023-07-08,2
72s,hunter,2020-10-02,2022-02-25,31
77,survivor,2024-07-27,2025-03-07,4
773,survivor,2021-08-08,2021-09-04,15
777,survivor,2022-03-19,2022-03-27,5
7777777,hunter,2022-03-20,2022-04-04,4
7luo,hunter,2023-02-17,2025-02-22,4
87yt,survivor,2021-03-13,2022-09-23,13
8nom,survivor,2021-02-27,2023-06-24,13
8sekki,survivor,2022-07-30,2022-07-30,3
907s,survivor,2024-07-14,2024-07-15,3
920,survivor,2023-02-24,2023-02-26,3
93,hunter,2022-07-30,2022-08-07,8
947,survivor,2023-02-18,2023-02-19,6
963,survivor,2025-02-22,2025-02-22,2
99,survivor,2021-03-13,2022-07-10,21
9j,survivor,2020-06-26,2024-05-02,50
9ma,hunter,2022-12-03,2022-12-03,1
9mammos,survivor,2020-10-03,2023-04-16,29
9u,hunter,2025-03-06,2025-11-08,13
a4,survivor,2023-02-18,2024-03-17,19
aassassin14,survivor,2022-06-25,2023-06-24,6
abcde,survivor,2022-06-25,2022-07-01,4
ac,survivor,2022-03-19,2026-05-05,506
acchan,survivor,2021-09-12,2021-09-12,2
ad,survivor,2021-03-20,2021-04-15,3
add,survivor,2020-06-26,2022-12-30,283
ado,survivor,2021-02-27,2023-02-19,17
adoremeo,survivor,2022-02-26,2022-02-27,8
aelong,hunter,2025-03-01,2025-03-01,1
aenok,survivor,2024-07-20,2024-07-20,3
aez,survivor,2022-07-30,2026-03-15,328
afu,hunter,2020-06-25,2023-02-24,272
agramont,survivor,2023-02-18,2024-04-21,24
agramont13,survivor,2022-06-24,2022-07-01,5
agyou,hunter,2020-08-08,2020-08-08,1
ahd,survivor,2023-07-30,2026-03-08,64
ahoge,survivor,2021-06-18,2021-06-26,3
ahrimain,survivor,2022-06-25,2022-07-01,4
ai,both,2021-03-06,2025-09-12,20
ailuyyuu,survivor,2022-02-20,2022-02-21,5
aimou,survivor,2024-07-14,2024-07-14,2
airiforest,survivor,2026-03-07,2026-03-07,2
airin,hunter,2023-02-24,2026-02-28,2
airqaq,survivor,2021-03-14,2021-05-01,8
aiz,survivor,2022-07-03,2022-07-03,4
aj,survivor,2021-03-20,2022-07-09,72
ajax,survivor,2026-03-02,2026-03-02,3
ak,survivor,2020-06-25,2026-05-05,892
ak3,survivor,2026-02-28,2026-03-13,8
aka,hunter,2020-08-07,2026-05-03,404
aka(@ps),hunter,2020-08-14,2020-08-15,4
akari,survivor,2022-07-03,2022-07-03,3
akn,hunter,2021-03-13,2021-03-13,2
akujo,survivor,2020-08-14,2020-08-15,5
akyu,survivor,2021-03-14,2021-05-01,8
al6oster,survivor,2026-02-28,2026-02-28,2
alcaraz,hunter,2025-02-22,2025-02-22,2
alet,survivor,2024-08-24,2025-03-01,9
alex,hunter,2021-06-12,2025-05-02,525
alex(naeu),survivor,2023-02-17,2023-02-17,2
aleyone,survivor,2021-08-07,2021-08-07,2
alf,hunter,2020-10-10,2026-05-03,317
alfa,survivor,2023-02-19,2026-03-07,25
ali,hunter,2023-03-12,2025-11-28,68
allen,survivor,2021-11-13,2026-04-18,20
allforone,hunter,2022-02-19,2022-02-19,1
alloster,survivor,2022-07-02,2022-07-09,2
alottacake,survivor,2024-03-17,2024-03-17,2
alpaca,survivor,2024-10-26,2026-03-22,27
alphar,survivor,2021-09-11,2023-07-15,125
am,survivor,2020-08-15,2020-08-16,6
am5,survivor,2021-03-06,2021-03-13,12
ama,survivor,2020-08-14,2024-03-09,17
amam,hunter,2024-03-01,2024-03-10,4
amam5,survivor,2021-05-22,2021-12-26,61
amanya,hunter,2020-08-07,2021-12-26,55
amatuka,survivor,2020-10-09,2020-11-13,19
ame,hunter,2021-06-26,2021-06-26,1
ameko,survivor,2025-02-21,2025-02-21,1
ameri,survivor,2023-02-18,2023-02-26,5
amomaly,survivor,2023-02-26,2023-02-26,3
amr1v1,survivor,2023-06-24,2023-06-24,3
amsal,survivor,2022-07-30,2022-07-30,4
amu,hunter,2022-07-03,2023-02-26,18
an,survivor,2022-02-25,2022-04-21,19
anaisn,survivor,2021-03-06,2021-03-06,2
anakin,hunter,2024-03-16,2024-03-16,1
anchan,survivor,2021-03-06,2021-09-11,26
angeld,survivor,2022-06-24,2022-07-01,5
anivia,survivor,2021-09-11,2021-09-11,3
ann,survivor,2023-02-24,2023-02-26,5
anne,both,2024-07-20,2025-03-02,6
anomaly,survivor,2022-08-26,2023-02-26,10
anomoaly,survivor,2022-08-28,2022-08-28,1
anyi,hunter,2021-08-06,2023-10-22,164
aoi,survivor,2024-03-09,2024-03-09,3
aoran,survivor,2022-07-30,2022-07-30,2
apollo,survivor,2021-03-05,2023-03-05,14
appai,survivor,2023-02-18,2026-04-17,280
aq,survivor,2023-02-17,2023-02-19,4
aqua,survivor,2025-02-23,2025-04-19,15
ares,hunter,2020-10-02,2021-03-07,14
arisa,hunter,2026-03-08,2026-03-08,1
arteon,survivor,2023-06-24,2023-06-25,5
aru,both,2020-08-14,2021-09-11,11
arvin,survivor,2023-03-04,2023-03-19,10
asama,survivor,2022-08-20,2022-08-20,3
aspartame,survivor,2025-02-23,2025-02-23,4
astel,survivor,2026-03-08,2026-03-08,1
atabomon,survivor,2022-02-26,2022-02-27,6
atto,survivor,2020-08-08,2026-05-03,532
auchan,hunter,2026-02-27,2026-03-07,6
aurora,survivor,2020-10-02,2022-08-27,24
avagg,survivor,2025-05-31,2025-07-13,38
avodoca,survivor,2026-02-28,2026-03-01,3
awa,survivor,2025-03-07,2025-03-09,4
awei,survivor,2022-07-09,2022-07-09,1
awideness,survivor,2024-07-14,2024-07-14,3
ay,survivor,2024-07-20,2024-07-20,2
aya,survivor,2021-03-06,2021-12-26,72
ayaka,survivor,2020-10-11,2020-10-24,8
ayako:3,hunter,2021-08-08,2021-09-05,11
ayane,survivor,2024-03-09,2024-03-09,2
ayi,hunter,2021-03-13,2021-03-13,3
az,survivor,2021-08-07,2021-08-14,5
b9,survivor,2022-02-26,2022-02-27,6
ba1x,survivor,2023-03-04,2023-12-10,17
baabel,survivor,2024-08-23,2024-08-25,6
baba,survivor,2022-07-02,2022-07-02,2
babaolan,hunter,2021-03-27,2021-03-28,3
baby,hunter,2026-03-05,2026-03-07,5
babyfish,survivor,2022-06-25,2022-06-25,2
babytop,survivor,2021-08-08,2026-04-17,33
bagguli,survivor,2022-02-20,2022-02-20,5
bai(hmt),survivor,2024-03-09,2024-03-09,3
bailu,hunter,2024-07-27,2026-05-05,180
bakocha,hunter,2020-10-11,2020-10-24,4
bama,survivor,2021-03-13,2021-03-14,6
ban,survivor,2022-08-26,2023-09-30,13
banban,survivor,2021-11-13,2024-04-21,160
banbang,hunter,2022-07-02,2022-07-02,3
banche,survivor,2026-03-05,2026-03-22,8
baobao,survivor,2022-07-03,2022-07-03,2
baron,survivor,2021-09-11,2023-02-19,30
bashi,hunter,2020-08-07,2022-03-11,51
batoru,survivor,2022-12-03,2026-03-15,213
bb,survivor,2020-08-15,2024-03-16,46
bbb,survivor,2026-02-28,2026-03-01,6
bbe,survivor,2020-06-27,2024-03-31,374
bcren,hunter,2024-03-09,2025-03-01,10
bebi,hunter,2021-06-13,2021-11-13,2
beifang,survivor,2022-07-03,2025-02-22,11
beilu,survivor,2024-03-17,2026-03-07,12
beimeng,survivor,2023-03-04,2023-03-04,1
beloin,both,2021-03-06,2022-08-26,4
beni,survivor,2022-12-03,2022-12-03,2
benz,survivor,2021-08-08,2021-09-05,20
bibig,survivor,2022-07-31,2022-07-31,2
bigpig,survivor,2025-02-22,2025-02-22,3
billy,survivor,2020-06-25,2022-04-10,250
bin,hunter,2024-03-09,2024-07-27,4
binbin,hunter,2025-04-11,2025-04-11,1
binchilln,survivor,2023-02-17,2023-02-17,1
"bin chi l l n",survivor,2023-02-17,2023-02-17,1
biran,survivor,2020-10-10,2020-10-24,6
bita,hunter,2022-07-02,2022-07-02,2
bj,survivor,2026-02-28,2026-02-28,4
black,survivor,2022-07-02,2022-07-10,7
bleum,survivor,2021-08-08,2021-08-15,8
bloom,survivor,2021-03-05,2021-03-12,8
blue,survivor,2020-06-26,2026-02-28,207
bmao,survivor,2020-11-05,2021-07-16,32
bo1,hunter,2020-11-12,2025-06-29,145
bobo,survivor,2020-06-27,2022-11-20,372
bodragon,survivor,2021-09-11,2021-09-12,5
boss,survivor,2023-07-29,2026-03-01,16
bossy,survivor,2022-02-19,2023-06-24,25
bot,hunter,2022-12-03,2022-12-04,5
boyboss,hunter,2022-06-25,2022-07-01,5
boym,survivor,2024-08-23,2024-08-25,6
boyman,survivor,2024-03-10,2025-03-02,6
br,survivor,2023-06-25,2023-06-25,2
braveman,hunter,2023-03-12,2025-03-22,6
bread,survivor,2023-02-18,2023-02-18,3
brontal,both,2022-07-30,2026-03-14,183
bronya,survivor,2026-03-07,2026-03-07,2
bull,survivor,2021-08-27,2025-03-01,3
bunnybean,survivor,2022-06-24,2022-06-24,2
buri,hunter,2026-02-28,2026-03-13,8
burio,hunter,2021-09-11,2026-03-14,239
bww,survivor,2023-02-24,2025-03-09,7
bye,survivor,2025-11-14,2026-04-19,23
c1,survivor,2025-03-07,2025-03-22,12
cafe,survivor,2020-10-10,2022-08-26,57
cai,survivor,2022-07-03,2022-07-03,3
cake,survivor,2022-08-20,2025-03-02,29
calendar,survivor,2021-02-26,2022-09-25,28
camelon,hunter,2022-12-03,2022-12-03,1
canj,survivor,2021-03-21,2021-04-16,15
capedbaldy,hunter,2022-06-25,2022-07-02,6
capt.kun,survivor,2021-08-27,2022-09-11,4
captkun,survivor,2020-10-03,2023-09-28,101
cat,survivor,2021-06-13,2025-03-01,14
catkarry,survivor,2023-07-30,2023-08-05,8
catkerry,survivor,2021-08-08,2021-08-22,9
cc,survivor,2023-02-18,2024-04-20,31
"cc487嗝嗝",survivor,2021-11-13,2021-11-13,2
cedric,survivor,2022-08-20,2022-08-28,8
century,survivor,2022-06-25,2022-06-25,2
cerberus,hunter,2022-08-20,2022-08-27,6
cf,survivor,2021-10-30,2021-12-26,35
ch,survivor,2022-02-19,2024-07-20,21
chai,survivor,2023-06-24,2023-06-25,7
chamkkae,hunter,2023-06-24,2023-06-24,1
chanim,survivor,2022-08-19,2023-08-05,6
chant,survivor,2022-07-30,2022-07-31,10
chao,survivor,2021-03-27,2021-03-28,5
chapha,survivor,2022-08-19,2022-09-11,10
charlie,hunter,2024-07-27,2024-07-27,2
cheese,survivor,2025-03-01,2025-03-02,10
chen,survivor,2023-06-23,2026-03-21,328
chengzi,survivor,2024-07-27,2024-07-27,3
chenxi,survivor,2025-09-11,2025-09-12,5
cheonma,survivor,2026-02-28,2026-03-01,5
chewy,survivor,2021-08-08,2021-08-15,8
chicken,survivor,2022-02-20,2022-02-20,2
chii,survivor,2024-07-27,2024-07-27,3
chiji,hunter,2023-02-25,2023-02-25,1
chikin,hunter,2022-12-03,2025-12-07,172
chillbot,hunter,2026-02-28,2026-02-28,2
chiseru,survivor,2022-02-19,2022-02-19,2
chito,survivor,2022-07-30,2022-08-07,7
chloe,survivor,2023-02-24,2023-02-24,2
choai,hunter,2023-03-11,2026-05-01,415
choco,both,2023-02-18,2026-03-13,15
chocopie,survivor,2021-08-08,2021-09-05,24
chomong,survivor,2023-02-17,2023-02-19,7
chopaeng,survivor,2022-02-27,2022-02-27,1
chouchou,survivor,2021-08-08,2021-09-05,21
chun,survivor,2020-10-10,2020-10-10,2
chz,both,2020-06-25,2022-10-06,106
citie,survivor,2026-03-06,2026-05-05,34
city,survivor,2020-08-07,2026-05-03,564
cloudy,survivor,2022-02-21,2022-02-21,3
clover,survivor,2025-03-06,2026-04-18,50
co,survivor,2026-02-28,2026-02-28,3
co1a,survivor,2024-09-26,2024-09-26,2
coccyx,survivor,2024-07-20,2024-07-20,2
cok,survivor,2024-03-09,2024-03-30,11
cokwu9,survivor,2025-03-07,2025-03-09,5
coldsnow,survivor,2025-03-01,2025-03-02,5
conan,survivor,2021-08-07,2021-08-14,5
coo1,survivor,2026-02-28,2026-04-18,17
cood,survivor,2023-02-17,2023-06-25,10
cookie(hmt),survivor,2022-07-03,2022-07-03,2
cookie(kor),survivor,2022-07-30,2022-07-30,3
cookie(sea),survivor,2023-02-24,2023-02-24,3
corn,survivor,2026-03-06,2026-03-21,14
cos,survivor,2021-09-11,2021-09-12,5
couple,survivor,2024-03-17,2024-03-17,2
cousin,survivor,2022-02-26,2022-02-27,5
cover,survivor,2022-02-19,2025-03-02,22
cqi,survivor,2022-07-03,2022-07-10,7
craby,survivor,2026-03-07,2026-03-07,2
craevings,survivor,2024-07-14,2024-07-14,3
crazy,hunter,2020-09-13,2021-05-01,8
crimson,hunter,2024-03-09,2024-03-09,1
ct,survivor,2026-02-28,2026-02-28,1
cute,survivor,2026-02-28,2026-04-18,17
cutemei0v0,survivor,2026-03-01,2026-03-01,3
cx,survivor,2023-02-18,2023-06-24,6
cxiao,survivor,2026-03-08,2026-03-15,3
cxx,hunter,2025-03-07,2025-03-22,8
cy,both,2022-07-03,2025-04-18,92
cynic,hunter,2022-07-03,2022-07-03,1
czai,survivor,2020-11-05,2026-03-21,607
d,hunter,2020-06-26,2026-03-15,468
d(jpn),survivor,2022-12-03,2022-12-03,2
d0yo,survivor,2023-02-18,2023-02-19,6
d4kiri,survivor,2023-06-24,2024-07-15,14
d4vid,survivor,2023-02-17,2023-02-17,2
da1,survivor,2023-07-08,2023-07-08,2
da9rk,survivor,2021-08-07,2025-03-02,6
dacho,survivor,2021-06-18,2025-03-09,218
daddy,both,2020-10-02,2022-02-25,23
daegum,hunter,2022-02-20,2022-02-20,2
daegun,hunter,2022-02-20,2022-02-20,3
dahai,survivor,2025-03-06,2026-03-08,32
dahyo,survivor,2021-06-18,2022-11-05,63
dai,survivor,2024-03-09,2024-03-09,3
daikiri,hunter,2022-06-24,2022-07-01,4
dama,survivor,2021-10-30,2021-11-13,6
damin,survivor,2021-09-11,2021-09-11,3
dan,survivor,2022-07-03,2024-03-17,21
danb,survivor,2025-03-02,2025-03-02,2
dango,survivor,2024-03-09,2026-03-07,16
"dan＠tp",survivor,2021-06-12,2021-06-12,3
dark,hunter,2020-10-09,2022-02-27,20
darkowo,hunter,2022-04-19,2022-04-20,5
daru,hunter,2025-03-01,2026-02-28,14
dashstar,survivor,2022-06-24,2022-07-02,9
dazzle7,survivor,2022-02-26,2022-02-26,2
dd,survivor,2021-03-20,2022-07-10,11
ddd,survivor,2022-07-03,2022-09-10,16
ddeok,survivor,2023-02-18,2023-02-18,1
delta,survivor,2021-08-14,2021-08-14,3
demi,both,2021-11-13,2023-07-09,19
devil,survivor,2023-06-24,2023-06-24,2
df,survivor,2021-03-21,2022-11-13,45
dfg,survivor,2026-02-28,2026-03-01,6
dian0,survivor,2021-03-27,2021-03-27,3
diano,survivor,2021-03-21,2021-03-21,2
dinzuzn,hunter,2021-03-06,2021-03-06,1
dis,survivor,2021-12-17,2025-03-23,260
distracted,survivor,2022-06-25,2022-06-25,3
dj,survivor,2026-02-28,2026-02-28,2
dk,survivor,2022-07-30,2022-07-30,3
dking,survivor,2021-03-21,2025-08-24,274
dlx,survivor,2022-06-25,2022-06-25,3
dm(kor),survivor,2023-06-25,2023-06-25,1
dobi,survivor,2023-02-17,2023-02-17,4
dobichu,survivor,2022-02-19,2022-02-20,3
dohyeon,survivor,2023-02-17,2023-02-17,2
dohyun,survivor,2024-03-16,2024-03-17,4
dolisu,survivor,2021-05-01,2026-05-01,560
dolphin,survivor,2023-02-24,2026-02-28,14
domichan,survivor,2021-08-08,2021-08-21,12
dongx,hunter,2020-06-26,2026-05-05,907
doom,hunter,2023-08-05,2023-08-05,3
dorajimuchi,survivor,2021-09-11,2021-09-11,3
dorara,survivor,2022-02-25,2022-02-25,2
down,survivor,2021-02-26,2021-02-26,2
doya,survivor,2023-06-24,2023-06-24,1
doyo,survivor,2022-07-30,2022-07-30,4
dragon,survivor,2024-10-05,2025-08-08,73
dragon(hmt),survivor,2024-03-09,2024-03-09,3
dragon(sea),survivor,2023-02-25,2023-08-27,16
dream,hunter,2021-03-14,2024-04-21,13
dream(sea),survivor,2022-08-19,2022-08-19,2
dreamer,hunter,2022-06-25,2024-03-16,6
dreaming,survivor,2021-02-28,2021-02-28,2
drmark,survivor,2025-02-23,2025-02-23,3
drop,survivor,2020-11-14,2026-05-05,503
dtm,hunter,2022-06-24,2022-06-24,3
duke,hunter,2021-02-27,2021-02-27,1
dumou,survivor,2023-02-24,2023-02-24,2
dux,hunter,2026-03-08,2026-03-08,1
dwd,hunter,2021-08-08,2023-08-05,22
dweeb,hunter,2023-02-17,2023-02-17,1
dwn,survivor,2023-02-25,2023-02-26,9
dyba,survivor,2021-09-11,2021-09-12,3
dylin,survivor,2020-10-02,2020-10-18,14
dzml,survivor,2024-08-23,2024-08-25,6
e10,survivor,2020-08-14,2021-11-26,17
earth,survivor,2020-10-03,2021-08-22,18
earthx,survivor,2020-10-18,2020-10-18,1
easterr,survivor,2022-02-25,2022-02-25,2
ebey,survivor,2022-06-25,2022-06-25,1
eboy,survivor,2022-07-01,2022-07-02,4
edu,hunter,2022-02-20,2022-02-20,1
eg,survivor,2021-08-08,2021-09-04,15
egg,survivor,2024-03-09,2024-11-10,58
ego,survivor,2025-04-11,2026-03-07,23
eguite,hunter,2023-02-25,2024-03-15,6
ei3n,survivor,2025-02-22,2026-03-13,26
ejbig,survivor,2022-07-02,2022-07-02,1
elbow,survivor,2021-02-26,2026-03-01,32
ele,survivor,2022-12-03,2022-12-03,1
elect,hunter,2026-03-07,2026-03-07,3
elena,both,2021-03-20,2025-03-08,11
eleven,survivor,2022-03-20,2026-05-01,332
eley,hunter,2026-03-06,2026-03-08,6
elfman,survivor,2022-06-24,2022-07-01,5
elithun,survivor,2021-08-08,2021-09-03,5
elliotter,survivor,2022-06-24,2022-06-24,3
elysia,hunter,2023-02-17,2023-02-17,2
emmko,survivor,2024-03-02,2026-03-15,235
emu,survivor,2021-09-11,2025-07-13,100
end,hunter,2022-07-03,2025-02-22,14
envey,survivor,2024-07-14,2024-07-14,1
envoy,survivor,2024-07-14,2024-07-14,1
erichi,survivor,2020-08-15,2020-08-30,15
erza,survivor,2022-07-01,2022-07-01,2
esmero,hunter,2026-02-28,2026-02-28,2
eugene,survivor,2026-02-28,2026-02-28,1
eve,survivor,2022-03-05,2026-03-02,12
ewnyi,survivor,2024-03-10,2024-03-10,1
f,survivor,2020-06-25,2026-03-08,52
fa,survivor,2026-02-28,2026-02-28,4
faei,survivor,2023-06-24,2023-06-24,2
fafa,hunter,2022-06-24,2023-02-18,5
fafaaa,hunter,2026-03-02,2026-03-02,1
fafatazz,hunter,2024-07-14,2024-07-14,2
fall,survivor,2024-03-09,2024-03-09,2
fallenwingn,survivor,2021-03-06,2021-03-06,2
fanana,survivor,2022-06-25,2022-06-25,2
fangz,survivor,2024-07-28,2024-07-28,2
farfala,hunter,2021-08-07,2021-08-07,3
fashi,hunter,2025-02-22,2026-02-28,5
fathermilk,survivor,2024-07-14,2024-07-14,1
fearless,hunter,2021-08-07,2021-08-14,5
felchap,survivor,2022-06-24,2024-07-15,14
felix,survivor,2021-06-18,2026-04-17,325
fengc,hunter,2026-03-07,2026-03-07,5
fengm,survivor,2022-07-03,2022-07-03,2
feshalover,survivor,2025-02-22,2025-02-22,2
feyjinx,survivor,2021-08-07,2021-08-14,5
fifty,survivor,2024-07-27,2025-02-22,5
fire,survivor,2024-07-27,2024-07-28,9
fizzy,survivor,2022-06-24,2022-06-24,3
flan,survivor,2022-03-20,2022-04-04,6
flashair,survivor,2022-02-27,2023-04-14,9
flower,survivor,2023-06-25,2023-06-25,2
flowsovo,hunter,2026-03-08,2026-03-14,2
fluff,survivor,2025-02-23,2026-03-01,19
flx,survivor,2024-03-17,2024-03-17,2
fly,survivor,2023-02-25,2023-02-25,2
"fl두부",survivor,2021-06-13,2021-06-13,3
fmaruko,hunter,2023-10-13,2025-03-09,21
fourchin,survivor,2024-07-14,2024-07-14,3
fox,survivor,2020-06-25,2026-03-05,424
foxnai,survivor,2024-03-09,2026-03-21,12
foxwhite,survivor,2023-03-05,2023-03-25,10
foxy,survivor,2022-02-25,2023-02-26,4
frag,hunter,2022-02-25,2022-02-27,2
freddy,hunter,2026-03-06,2026-03-21,10
freed,survivor,2022-06-24,2022-06-24,2
frost,survivor,2025-11-27,2025-11-27,2
fuda,survivor,2021-11-14,2021-11-27,3
fugo,survivor,2022-02-19,2022-02-19,2
fuku,survivor,2020-10-16,2026-05-03,93
fuku@jp,survivor,2021-06-18,2021-10-01,19
fulan,survivor,2023-03-04,2025-03-06,255
funv,survivor,2021-02-28,2024-03-16,5
future,survivor,2025-11-21,2025-11-22,6
future(hmt),survivor,2024-03-09,2024-03-09,4
fxctea,survivor,2025-03-01,2025-03-01,3
fy,survivor,2022-06-24,2025-02-23,19
"fノsign",hunter,2021-06-13,2021-11-14,3
g1hata,survivor,2021-08-27,2021-08-27,3
gaji,survivor,2021-02-26,2025-03-01,14
gali,survivor,2021-02-27,2021-02-27,1
ganjangbap,survivor,2021-09-11,2021-09-11,3
ganmo,survivor,2026-02-27,2026-03-07,8
gaon,survivor,2024-07-20,2024-07-21,8
gary,survivor,2024-03-09,2024-03-10,5
gate,hunter,2022-06-24,2022-06-24,1
gduu,survivor,2026-03-07,2026-03-07,3
gee,survivor,2023-02-18,2023-02-18,2
gege,survivor,2026-03-08,2026-03-08,1
ghost,survivor,2024-07-14,2024-07-14,2
ghostly,hunter,2026-03-02,2026-03-02,1
ghostqueen,survivor,2022-02-20,2022-02-20,4
gin,survivor,2020-11-04,2024-03-17,54
ginbyx,survivor,2021-08-07,2021-08-22,4
givenchy,survivor,2021-03-07,2021-03-07,2
gl,survivor,2021-03-06,2022-08-26,122
glast,hunter,2022-08-26,2022-09-10,9
glin,survivor,2021-08-29,2021-08-29,2
glugluzzz,survivor,2023-08-05,2023-08-05,3
gnk,survivor,2021-11-13,2026-03-14,296
goated,hunter,2022-02-20,2022-02-20,1
godjay,both,2020-10-03,2026-03-08,117
goguma,survivor,2023-09-28,2024-03-17,16
golfxoxo,survivor,2020-10-03,2020-10-11,3
goo,survivor,2021-03-13,2021-03-13,3
goodbye,survivor,2022-03-20,2022-03-20,2
gougou,survivor,2024-03-09,2025-11-30,228
grandma,survivor,2022-02-20,2022-02-21,8
granny,hunter,2026-03-01,2026-04-17,5
green,survivor,2021-02-28,2026-05-01,84
gris,survivor,2023-07-29,2024-03-09,9
gt,survivor,2024-03-16,2024-09-01,20
gtmoya,survivor,2025-03-01,2025-03-02,8
gua(hmt),survivor,2022-07-02,2022-07-09,4
gua(lvs),survivor,2021-03-13,2021-03-14,5
guag,survivor,2021-06-12,2024-08-09,214
guagua,survivor,2024-03-10,2026-03-21,44
guagua(pt),survivor,2026-03-01,2026-03-01,3
guaguasin,hunter,2025-02-22,2025-02-23,5
guan,survivor,2023-03-05,2024-03-23,14
guesswho,survivor,2026-03-07,2026-03-07,3
gufong,hunter,2023-07-08,2023-07-08,2
gugu,survivor,2022-02-19,2022-02-19,3
gui,survivor,2024-03-10,2025-03-09,23
guideng,survivor,2023-03-05,2023-03-25,10
guo,survivor,2022-02-19,2023-02-18,5
guoker,survivor,2023-07-08,2026-05-02,244
guree,hunter,2021-09-12,2022-02-20,3
gy,hunter,2021-03-20,2021-12-12,21
gyehwa,hunter,2025-03-01,2025-03-01,3
gyuli,survivor,2021-02-26,2021-02-26,2
g|in,survivor,2021-08-08,2021-08-29,4
h1gher,survivor,2023-03-04,2026-03-21,94
h20,survivor,2026-03-06,2026-03-08,5
haaatarii,survivor,2024-03-10,2024-03-10,2
haachan,survivor,2022-02-26,2023-09-28,19
haachar,survivor,2022-02-26,2022-02-26,1
habb,survivor,2022-07-03,2022-07-10,7
hachi,both,2024-07-27,2025-02-23,9
hai,survivor,2023-03-04,2023-03-25,8
haidan,survivor,2022-02-25,2022-02-25,2
haisya,hunter,2022-07-03,2022-07-03,1
haiya,survivor,2020-07-26,2021-05-02,26
haka,survivor,2022-02-27,2022-02-27,1
haku,both,2021-03-13,2023-08-06,14
half(mwf),survivor,2023-02-25,2023-02-25,3
hall,survivor,2024-07-20,2025-03-01,6
hametu,survivor,2023-06-10,2026-05-01,350
hamster,survivor,2023-06-24,2023-06-25,4
hamu,hunter,2025-02-22,2025-03-07,10
hamuchan,hunter,2022-12-03,2026-03-07,6
hana,survivor,2022-07-02,2022-07-10,8
hanbok,survivor,2026-02-28,2026-02-28,3
handsomeboy,survivor,2026-03-07,2026-03-07,2
hanksome,both,2022-07-02,2025-02-22,7
hanzo,hunter,2020-10-03,2020-10-11,8
haoran,survivor,2022-03-20,2022-03-27,5
happy,hunter,2024-07-20,2024-07-20,1
haram,survivor,2021-02-26,2025-03-02,16
hardg,survivor,2024-03-09,2024-03-30,9
harka,survivor,2021-06-18,2021-06-26,3
harryp,survivor,2022-08-20,2023-02-26,14
haru,survivor,2021-02-27,2021-02-27,3
haruka,both,2020-08-07,2024-03-10,11
harupotty,survivor,2020-08-14,2020-08-15,5
hasha,hunter,2020-08-15,2026-05-02,380
hashu,survivor,2022-07-03,2025-02-23,26
hata,survivor,2020-10-03,2021-08-21,7
hatar1,survivor,2021-09-03,2025-03-02,28
hatari,survivor,2022-04-20,2023-02-25,6
hatariii,survivor,2024-08-23,2024-08-25,6
"hataい",survivor,2020-10-03,2020-10-10,7
hayate,survivor,2020-08-14,2020-10-11,11
heart,survivor,2021-03-20,2026-01-03,702
heavy,hunter,2024-07-20,2024-07-20,1
helena,hunter,2020-11-12,2020-11-21,2
"hello'maka",survivor,2021-06-13,2021-06-13,3
hengh,survivor,2021-10-17,2024-12-01,151
heno,hunter,2024-03-16,2024-03-16,1
hermione,survivor,2022-08-20,2023-02-26,14
heshen,hunter,2024-04-14,2026-04-18,40
hetian,hunter,2024-03-09,2025-04-19,23
heuka,survivor,2022-02-19,2022-02-19,2
heyan,survivor,2022-03-20,2022-03-27,4
hez1,survivor,2023-07-08,2023-07-08,2
hezi,survivor,2022-02-25,2026-03-01,20
hg10,survivor,2023-06-24,2023-06-24,2
hgw,hunter,2022-03-26,2022-04-03,2
hh,survivor,2021-03-20,2021-04-16,17
hhu,survivor,2020-08-07,2023-03-05,194
hibiyan,hunter,2020-08-08,2022-02-19,9
"hige君",survivor,2021-06-13,2021-06-13,3
hima,hunter,2022-07-30,2022-07-30,3
himawarit,survivor,2020-10-03,2020-10-11,8
hin1zza,survivor,2024-03-09,2024-03-10,5
hinizza,survivor,2023-07-08,2023-07-09,8
hiro,survivor,2020-08-08,2020-08-09,5
hirony,survivor,2020-10-09,2020-10-11,5
hito,survivor,2020-08-15,2020-08-30,15
hiz,survivor,2026-02-28,2026-03-01,5
hoit,survivor,2023-06-24,2024-03-17,4
holtz,survivor,2022-06-24,2022-06-24,3
home,survivor,2023-02-24,2023-02-24,2
honor,survivor,2022-06-25,2026-03-02,40
hoon,survivor,2021-02-26,2021-02-26,3
hotaka,survivor,2023-07-09,2023-07-09,6
hotaru,survivor,2020-10-09,2022-12-22,39
hotba,survivor,2022-02-19,2023-02-18,12
houo,hunter,2022-07-30,2022-07-30,2
hoya,hunter,2023-02-24,2023-02-24,3
hqphat,survivor,2021-08-07,2021-08-21,6
hu,hunter,2026-03-05,2026-03-07,2
huac,survivor,2022-06-03,2026-05-05,537
huahua,survivor,2022-03-19,2024-10-05,319
huan,survivor,2020-11-04,2025-04-20,656
huanxue,survivor,2022-07-03,2025-04-18,36
huiyi,survivor,2020-06-26,2026-05-02,873
humi,survivor,2024-03-16,2025-03-02,10
humy,hunter,2022-07-02,2022-07-02,3
hun,hunter,2026-02-28,2026-03-01,3
huna,survivor,2021-07-03,2021-07-03,1
hwan,survivor,2023-02-18,2023-02-19,6
hyangsa,survivor,2023-06-24,2023-06-24,1
hyeseon,survivor,2026-02-28,2026-02-28,2
hyuuu,survivor,2021-06-12,2021-06-12,2
ialian,hunter,2021-02-28,2021-02-28,2
ialien,hunter,2022-02-19,2022-02-19,2
ichigo,survivor,2024-03-01,2024-03-10,6
ichiq,survivor,2022-07-30,2022-12-03,6
ideshi,hunter,2022-07-31,2023-02-19,25
ieatfood,survivor,2026-03-02,2026-03-02,2
ienioii,survivor,2023-02-24,2023-02-24,2
ii,survivor,2025-03-01,2025-03-01,3
immortal,survivor,2026-03-08,2026-03-08,2
imso0v0,survivor,2023-04-07,2023-04-17,9
imsoovo,survivor,2023-02-18,2024-04-20,23
imsosexy,survivor,2022-02-19,2022-04-30,17
in3,hunter,2025-03-01,2025-03-01,1
infamous,survivor,2026-03-02,2026-03-02,2
inhun,survivor,2024-07-27,2024-07-27,3
insomnia,both,2024-03-09,2026-03-01,16
intel,hunter,2025-02-22,2025-03-01,4
ipsycho,survivor,2021-08-08,2021-08-15,8
irin,hunter,2025-02-22,2025-02-22,2
irohas,hunter,2025-02-22,2025-03-02,5
irohasu,hunter,2024-03-02,2026-03-15,66
iron,survivor,2020-06-25,2025-08-23,639
islbb,survivor,2025-02-22,2025-02-22,2
itachi,survivor,2022-07-03,2022-07-09,6
ith,survivor,2025-03-01,2025-03-02,7
itte,survivor,2023-02-17,2023-02-17,4
ivory,both,2020-08-07,2024-05-04,232
iwane,both,2022-02-26,2022-08-21,15
iys,survivor,2022-02-25,2022-02-25,2
j,survivor,2023-02-18,2023-02-19,4
jakkit,survivor,2020-10-03,2020-10-25,21
janedoe,hunter,2025-03-01,2025-03-01,1
jasugo,survivor,2022-07-30,2022-08-21,14
jayvik,survivor,2026-03-01,2026-03-01,2
jd_niku,survivor,2021-06-13,2021-06-13,3
jd_sh,survivor,2021-06-13,2021-06-13,3
jd_yame,survivor,2021-06-13,2021-06-13,3
jeicyako,hunter,2021-06-12,2021-06-12,1
jellx,survivor,2022-12-03,2026-03-14,23
jelly,survivor,2020-06-25,2026-05-01,801
jelly(hmt),survivor,2022-07-02,2022-07-02,2
jeon,survivor,2020-10-17,2021-03-13,20
jessi,survivor,2021-09-11,2021-09-11,3
jhobiq,survivor,2022-07-02,2022-07-02,2
jiala,both,2024-08-24,2026-04-17,18
jialidun,survivor,2022-03-27,2022-03-27,2
jihyun,hunter,2021-02-26,2021-02-27,8
jimmy,survivor,2023-02-25,2025-02-22,16
jimy,survivor,2024-03-09,2024-03-09,3
jin,hunter,2023-07-08,2026-05-05,183
jin(sea),survivor,2021-08-08,2021-09-04,15
jinlala,survivor,2026-03-01,2026-03-01,3
jio,hunter,2022-03-20,2022-04-04,2
jiojio,survivor,2022-03-19,2022-03-27,4
jiro,hunter,2022-07-30,2022-07-30,1
jiu,survivor,2020-06-26,2022-10-30,266
jiu9,hunter,2020-07-03,2021-12-19,49
jiying,survivor,2025-03-06,2025-11-28,12
jk,survivor,2023-02-25,2023-02-26,6
jntm,survivor,2022-08-19,2022-08-19,2
joe,survivor,2022-06-25,2022-06-25,2
jogy,survivor,2023-06-24,2023-06-25,4
johnny,survivor,2023-02-17,2023-02-17,2
johnson,survivor,2021-08-07,2021-08-14,5
jojo,survivor,2022-06-24,2022-07-02,7
joko,hunter,2021-09-11,2021-09-11,1
jokra,survivor,2026-03-08,2026-04-18,13
joky,survivor,2024-07-20,2024-07-21,8
jori,survivor,2026-02-28,2026-02-28,3
josephd,survivor,2020-10-03,2020-10-10,8
josephxd,survivor,2020-10-17,2020-10-25,8
joy,survivor,2026-03-06,2026-03-21,11
jsxd,survivor,2022-02-25,2022-02-27,6
juan,survivor,2024-03-16,2026-04-19,43
juda,survivor,2020-08-15,2024-04-20,104
judas,survivor,2020-10-04,2020-10-18,6
judasn,survivor,2021-03-06,2021-03-06,2
jue,hunter,2020-06-25,2021-04-18,79
jueum,survivor,2022-07-31,2022-07-31,1
jueun,survivor,2021-02-26,2022-09-25,23
jumi,survivor,2021-02-26,2021-02-26,3
jumperior,survivor,2020-10-03,2020-10-10,8
junha,survivor,2024-07-20,2024-07-20,3
juniiper,survivor,2022-06-25,2022-06-25,2
juniipertea,survivor,2023-06-24,2023-06-25,4
junqing,survivor,2022-03-19,2023-03-25,20
justbetter,survivor,2026-03-02,2026-03-02,2
juyeong,survivor,2021-09-11,2022-07-31,8
jx,survivor,2020-11-13,2021-05-04,33
jxy,hunter,2024-03-10,2024-03-31,18
jy,survivor,2026-03-06,2026-03-08,5
jyeong,survivor,2024-03-16,2024-03-16,2
jyu,survivor,2023-02-17,2025-03-02,12
k,both,2021-11-13,2026-03-02,31
k1li2,hunter,2021-02-27,2021-02-27,2
k2,survivor,2021-08-07,2023-02-26,10
k3,survivor,2020-10-09,2023-02-19,105
ka1ok,survivor,2024-07-27,2024-07-27,3
kabao,survivor,2022-07-30,2022-07-30,3
kaero,survivor,2025-02-21,2025-02-23,3
kaeru,survivor,2021-11-14,2025-04-19,255
kaeru(kp),hunter,2021-03-05,2021-03-05,1
kage,survivor,2024-03-09,2024-08-24,5
kagome,hunter,2021-06-19,2025-03-22,16
kai,hunter,2025-03-02,2025-03-02,4
kaib,survivor,2025-02-22,2025-02-23,5
kaihonokamius,survivor,2021-08-07,2021-08-07,2
kairin,survivor,2022-12-03,2022-12-03,1
kaito,hunter,2024-07-20,2024-07-20,3
kakaka,hunter,2023-10-28,2026-05-03,169
kakashi,survivor,2022-07-03,2022-07-09,6
kakiri,hunter,2025-04-11,2026-05-03,106
kali,survivor,2024-03-17,2024-03-17,1
kaloper,hunter,2026-02-28,2026-03-01,5
kamikawaji,survivor,2023-06-24,2023-06-25,7
kani,hunter,2024-07-27,2024-07-28,5
karamell,survivor,2023-06-24,2023-06-24,3
kare,survivor,2021-09-11,2021-09-25,13
karyl,hunter,2022-02-25,2022-08-21,10
kasper,survivor,2022-02-19,2022-02-19,2
kasume,hunter,2025-03-01,2025-03-01,1
kat,survivor,2020-08-08,2026-05-02,348
katakuriko,survivor,2020-10-11,2020-10-11,3
kb,survivor,2026-04-10,2026-04-19,11
kdead,survivor,2022-06-24,2023-06-24,7
ke,hunter,2021-03-13,2022-07-10,20
ke2yu,hunter,2024-07-27,2024-07-27,2
kearu,survivor,2025-03-08,2025-03-08,3
keeper,survivor,2022-07-01,2022-07-01,1
keitea,survivor,2022-12-03,2025-03-07,26
kelu,survivor,2026-03-01,2026-03-01,5
kem,survivor,2022-12-03,2025-03-07,28
ken,hunter,2020-06-25,2021-08-29,135
ken(naeu),survivor,2024-07-14,2024-07-14,2
keserabi,survivor,2022-12-03,2026-03-15,23
kesy,survivor,2025-03-06,2025-08-02,21
keti,survivor,2022-02-26,2022-02-26,2
kevin,survivor,2022-07-02,2022-07-09,5
kewai,survivor,2022-12-03,2022-12-03,2
key,survivor,2021-02-26,2023-06-24,9
keyman,survivor,2022-02-25,2023-07-08,6
khuongchan,hunter,2023-07-29,2023-08-05,7
kieri,survivor,2022-02-19,2024-03-17,16
killerboss,hunter,2025-02-23,2025-02-23,6
kimtayo,survivor,2023-06-24,2023-06-24,2
kingh,survivor,2023-03-12,2023-03-12,1
kino,survivor,2020-08-08,2021-03-12,13
kira,hunter,2024-03-09,2024-03-17,4
kirabbit,survivor,2024-03-09,2025-09-12,11
kirito,survivor,2023-03-04,2023-03-12,6
kirye,survivor,2021-06-13,2025-04-18,181
kisa,survivor,2024-07-27,2024-07-27,2
kishi,survivor,2026-03-08,2026-03-08,2
kitkatz,survivor,2021-02-28,2022-02-21,4
kiyo,hunter,2022-07-30,2022-07-31,3
kkangtae,hunter,2023-02-17,2023-06-25,12
kloud,survivor,2022-06-24,2023-04-16,23
kluayhom,both,2020-10-03,2021-09-05,28
km,hunter,2023-07-08,2023-07-09,8
kn,survivor,2023-06-25,2023-06-25,1
knzk,survivor,2021-10-29,2021-10-29,1
koala,survivor,2026-02-28,2026-03-13,10
koba,survivor,2020-10-10,2020-10-24,14
koi,hunter,2022-07-30,2022-07-30,1
koki,survivor,2021-03-07,2021-03-07,1
koko,survivor,2021-06-12,2024-03-17,140
kokua,survivor,2022-02-19,2022-09-10,12
kokuryu,survivor,2026-02-27,2026-03-07,6
komay,survivor,2022-07-30,2022-07-30,1
kong,survivor,2020-11-07,2022-07-16,119
kongomi,survivor,2025-03-01,2025-03-01,3
kongyue,survivor,2023-02-25,2023-07-08,6
kono,survivor,2024-03-02,2025-02-22,8
korone,hunter,2021-08-08,2021-08-15,8
kota,survivor,2022-02-25,2022-02-25,1
kotami,hunter,2021-09-11,2026-03-15,54
kotato,survivor,2022-06-24,2022-06-24,3
koting,survivor,2025-03-06,2026-05-02,155
kotul,hunter,2021-02-26,2021-02-26,2
kotya,survivor,2021-06-13,2021-11-27,24
kou,survivor,2020-08-09,2020-08-23,8
koya,hunter,2022-07-30,2022-07-31,3
koyoko,survivor,2024-07-20,2024-07-21,8
koyuki,survivor,2020-10-10,2021-07-10,17
kruger,hunter,2022-12-03,2024-03-17,59
ktullanux,hunter,2022-06-24,2022-06-24,1
kty,survivor,2024-07-20,2024-07-21,5
kuaji,hunter,2020-07-17,2021-03-27,22
kuangk,survivor,2023-03-25,2025-01-01,11
kuanlee,survivor,2021-03-06,2022-04-20,40
kucao,survivor,2020-06-25,2026-04-19,898
kuga,both,2022-08-19,2026-03-08,62
kugua,survivor,2024-03-09,2024-03-09,3
kuma,survivor,2021-03-13,2024-03-09,13
kumary,survivor,2021-06-13,2021-11-26,19
kunashiri,survivor,2022-02-26,2022-02-27,5
kurai,both,2022-07-03,2026-04-18,28
kurakkaa,survivor,2024-03-09,2024-03-30,9
kuri,survivor,2025-02-22,2025-02-23,5
kurimura,survivor,2024-03-09,2024-03-09,3
kuropon,survivor,2022-02-26,2022-07-02,9
kurowa,hunter,2023-02-18,2023-02-18,2
kwc,survivor,2022-12-03,2022-12-03,2
kxwz,hunter,2024-03-17,2026-03-01,5
kznk,survivor,2021-05-01,2026-05-01,536
l,survivor,2022-12-11,2024-03-17,8
lag,survivor,2022-07-30,2022-07-30,1
lan,hunter,2022-03-20,2022-03-27,2
lan(hmt),survivor,2021-03-13,2021-03-14,5
lancelot,survivor,2025-07-18,2026-03-15,78
laolie,survivor,2020-08-29,2020-08-30,7
laosan,survivor,2021-03-20,2021-04-16,17
laputa,survivor,2022-07-30,2022-07-31,5
large,survivor,2022-12-03,2022-12-11,15
lark,both,2021-03-21,2021-03-27,5
lasa,survivor,2024-03-09,2024-07-28,13
lasthuman,hunter,2020-10-03,2021-09-26,26
latty,hunter,2021-02-26,2026-03-14,150
laud,survivor,2020-10-02,2020-10-11,9
laugh,survivor,2022-08-19,2022-08-19,2
"lavender’r",survivor,2021-08-07,2021-08-07,3
layz,survivor,2022-06-24,2026-03-01,24
laz,survivor,2022-02-25,2022-02-25,2
lazli,survivor,2021-03-05,2021-03-07,5
lazzz,survivor,2022-02-26,2022-02-26,3
lb,both,2021-08-08,2026-03-08,16
lc,survivor,2020-10-02,2024-08-30,52
lcaa,survivor,2021-08-07,2021-09-04,15
lconfid,survivor,2025-05-01,2026-05-05,105
lcx,survivor,2026-03-06,2026-03-21,11
ldearu,hunter,2020-10-09,2020-10-11,2
lead,survivor,2026-02-27,2026-03-07,8
leaf,both,2022-03-27,2026-03-21,15
lecksyu,survivor,2024-03-17,2024-03-17,1
ledou,survivor,2022-07-02,2022-07-02,2
leeharin,hunter,2024-07-20,2024-07-21,3
legend,survivor,2024-03-09,2024-07-27,4
leglag,survivor,2021-03-13,2021-03-13,3
leil,survivor,2024-03-09,2026-03-21,156
lem0n,survivor,2022-08-20,2022-08-20,2
lemon,survivor,2022-08-26,2026-05-01,23
lemuel,hunter,2026-03-01,2026-03-01,5
lenioii,hunter,2024-03-09,2024-03-09,2
leru,hunter,2023-07-08,2023-07-08,2
lerya,survivor,2022-07-02,2022-07-09,2
levi,survivor,2022-02-20,2026-03-01,15
lex,survivor,2024-07-20,2024-07-21,5
lia,survivor,2023-07-29,2023-08-05,6
lian,survivor,2023-02-24,2026-03-01,5
libao,survivor,2021-03-21,2026-05-05,579
liebegin,survivor,2022-02-26,2022-02-27,8
light,survivor,2020-08-09,2025-03-01,21
lightning,survivor,2026-03-07,2026-04-17,13
lihua,survivor,2023-03-05,2023-03-12,7
lii,survivor,2023-02-25,2023-02-26,6
like,survivor,2022-03-04,2022-03-06,6
lili,survivor,2020-10-09,2020-10-09,2
lilisu,survivor,2021-11-13,2021-11-13,2
lilseven,survivor,2022-06-25,2022-07-01,4
lim,survivor,2020-08-07,2023-12-02,212
lime,survivor,2020-08-22,2020-08-22,3
limh,survivor,2023-02-25,2024-03-15,12
lin,survivor,2024-10-04,2026-05-05,150
lin(sea),survivor,2024-08-24,2024-08-30,6
line,survivor,2020-08-14,2020-08-14,6
ling,both,2022-02-20,2025-03-09,50
lingqi,survivor,2024-07-27,2024-07-27,2
lingtian,survivor,2020-10-04,2021-03-07,17
lingw,hunter,2026-03-01,2026-03-01,2
lingyu,survivor,2022-07-02,2022-07-09,5
lingyun,survivor,2025-06-07,2026-04-18,45
lion,survivor,2020-06-25,2026-03-21,638
liquor,survivor,2021-03-07,2021-03-07,2
lis,survivor,2022-10-16,2024-03-17,54
littleboy,survivor,2020-10-03,2026-03-08,139
littlehan,hunter,2022-07-02,2022-07-02,2
littlie,hunter,2025-03-07,2026-03-21,28
liu,hunter,2022-03-19,2022-03-27,5
ll,survivor,2023-02-24,2023-02-24,2
ll975,both,2023-07-29,2023-08-06,9
lofi,survivor,2022-02-25,2026-02-28,31
loki,hunter,2023-02-18,2024-03-16,5
lokyin,hunter,2022-06-24,2022-06-24,2
long,survivor,2020-06-25,2025-12-31,768
longdeptrai,hunter,2020-10-02,2020-10-11,10
lonh,survivor,2024-09-28,2024-09-28,1
lorem,hunter,2023-06-24,2023-06-24,1
lotus,survivor,2022-07-30,2022-07-30,2
loveleft,survivor,2021-03-20,2025-05-01,80
lpz,survivor,2020-06-25,2022-04-04,59
lsabe,survivor,2021-06-19,2021-06-19,1
luca,survivor,2026-03-06,2026-03-13,4
luda,survivor,2021-05-22,2021-05-22,1
lugi,survivor,2024-03-16,2025-03-02,10
lul,survivor,2022-11-19,2022-11-25,4
luoben,survivor,2023-03-04,2023-06-24,8
luoj,survivor,2025-02-23,2025-02-23,3
luoji,survivor,2026-03-02,2026-03-02,3
luoxuan,hunter,2023-02-24,2023-02-24,1
luski,survivor,2021-08-08,2021-08-29,9
lusn,survivor,2021-03-06,2021-03-06,2
luv4rent,survivor,2026-03-01,2026-03-01,5
luxian,survivor,2026-03-08,2026-03-08,2
luxii,hunter,2022-02-25,2022-02-25,2
lv275,survivor,2023-02-17,2024-03-17,8
lvory,survivor,2020-10-09,2020-10-09,2
lx,hunter,2023-06-24,2023-06-25,6
lxue,both,2024-03-17,2025-02-22,9
lxy,hunter,2021-03-21,2024-07-13,20
lyan,survivor,2023-06-24,2026-05-01,42
lzx,survivor,2020-08-07,2020-08-23,9
"l c",survivor,2023-02-26,2023-02-26,3
m1take,hunter,2023-02-18,2025-07-13,37
machad,survivor,2020-08-07,2020-08-22,8
machado,survivor,2020-10-09,2021-03-13,16
maeken,survivor,2020-08-16,2026-05-02,391
maewsao,survivor,2021-08-07,2021-08-07,2
magu,hunter,2021-03-06,2021-11-14,12
mai,hunter,2025-03-07,2025-03-09,2
maiking,survivor,2024-03-09,2024-03-17,4
maily,survivor,2021-03-13,2021-03-13,2
maimai,survivor,2023-07-08,2023-07-09,4
maitake,hunter,2021-06-13,2022-07-31,9
maji,survivor,2022-07-02,2022-07-02,3
majobnbn,both,2020-10-10,2020-10-18,4
maka,survivor,2020-08-22,2025-03-07,113
malfoy,survivor,2023-02-25,2023-02-26,6
mamamo,survivor,2021-08-15,2021-08-15,2
manji,survivor,2020-10-09,2020-10-11,5
maom,survivor,2021-03-21,2026-05-05,599
maozi,survivor,2020-07-04,2020-08-23,37
maple,survivor,2021-03-13,2021-03-13,3
mapleleaf,survivor,2022-02-25,2023-08-05,10
mar,survivor,2020-10-02,2021-09-03,19
marant,survivor,2024-08-23,2025-03-02,21
maratang,hunter,2024-07-20,2024-07-21,4
marco,hunter,2024-07-20,2025-03-01,4
marczs,both,2021-08-28,2022-02-25,6
marimo,survivor,2026-02-28,2026-03-14,15
mark,hunter,2025-03-01,2025-03-01,2
marlboro,survivor,2024-03-17,2025-02-22,5
maron,survivor,2022-07-30,2022-08-21,4
maru,both,2022-07-10,2022-12-03,4
masiro,survivor,2022-02-26,2022-02-26,3
mayu,hunter,2021-03-13,2021-03-13,2
mbing,hunter,2022-12-04,2022-12-04,2
mcc,survivor,2021-06-12,2021-06-12,2
mcd,survivor,2022-12-04,2022-12-10,7
mckyy,survivor,2020-08-30,2020-10-17,2
mcneko,hunter,2023-02-18,2023-02-26,2
mcsee,survivor,2023-07-08,2023-07-08,2
meaken,survivor,2026-03-07,2026-03-15,15
meaningles,survivor,2022-02-26,2022-02-27,8
megu,survivor,2022-07-30,2022-07-30,2
meimei,survivor,2025-04-11,2025-04-16,2
meipu,survivor,2024-07-27,2024-07-28,9
melon,both,2020-08-09,2022-12-03,7
memory,survivor,2023-02-24,2023-02-24,3
mensis_kino,survivor,2021-11-14,2021-11-14,3
mensiskino,survivor,2021-06-13,2021-06-13,2
merry,survivor,2021-02-26,2021-09-11,6
metal,hunter,2021-02-26,2023-07-16,35
metal(naeu),survivor,2022-02-19,2022-02-19,3
meteor,survivor,2025-02-22,2025-02-22,2
mg,survivor,2021-03-20,2021-03-28,7
mhxm,hunter,2025-02-22,2026-03-21,110
mian,hunter,2020-11-19,2020-11-19,1
miaopai,both,2023-02-25,2026-04-18,72
mias,survivor,2021-02-28,2021-02-28,3
midori,survivor,2024-03-09,2024-08-30,7
migon,hunter,2021-10-01,2021-10-01,2
mihrimah,survivor,2021-02-28,2021-02-28,1
mika,survivor,2022-06-25,2022-07-01,4
mike,survivor,2022-02-26,2022-02-26,2
mikey,survivor,2021-11-13,2021-11-13,1
mikogw,hunter,2023-03-04,2023-03-25,9
milk,survivor,2023-02-19,2023-03-04,6
milky,survivor,2021-09-11,2021-09-12,6
min,survivor,2026-02-28,2026-02-28,2
minato,survivor,2022-02-26,2022-08-20,6
mine,hunter,2023-02-18,2023-02-18,1
minfa,survivor,2025-02-22,2025-02-22,3
ming,survivor,2020-11-04,2023-01-02,315
miniblue,survivor,2022-02-25,2026-03-08,93
minto,survivor,2020-08-09,2020-08-23,8
mione,survivor,2021-08-07,2021-08-22,4
miraik,hunter,2021-03-07,2025-03-09,158
mirajane,survivor,2022-07-01,2022-07-01,2
misdori,survivor,2024-03-09,2024-03-09,1
mitaka,hunter,2024-10-11,2024-11-16,19
mixdown,survivor,2021-08-08,2021-09-05,20
miyu,survivor,2020-10-11,2020-10-11,3
mk,survivor,2020-06-25,2023-05-01,457
mkai,survivor,2022-02-26,2022-02-27,7
mkk,survivor,2020-07-25,2021-05-01,76
mkmldy,hunter,2024-03-09,2026-05-01,92
mlx,hunter,2024-08-11,2025-08-09,3
mlxt,survivor,2021-03-21,2021-03-27,5
mm,survivor,2022-06-25,2022-07-02,9
mmq,hunter,2024-03-09,2024-03-17,3
mmr,survivor,2020-10-11,2022-03-06,14
mmy,survivor,2026-03-01,2026-03-01,3
mocchi,survivor,2020-10-10,2025-03-09,336
mocchi(ngs),survivor,2025-02-22,2025-03-01,6
mocha,survivor,2025-02-23,2026-03-02,6
mochen,survivor,2023-12-08,2023-12-09,2
moday,hunter,2023-06-24,2023-06-24,1
moer,survivor,2023-06-24,2023-06-24,2
moguratv@line,survivor,2021-06-13,2021-06-13,3
moko,survivor,2021-03-05,2025-03-01,13
mollyf,hunter,2023-02-19,2025-03-07,19
momo,survivor,2022-02-19,2024-03-16,24
momochi,survivor,2025-03-01,2025-03-01,3
momoka,hunter,2024-08-23,2026-03-08,23
momozo~,survivor,2021-06-13,2021-06-13,2
mone,both,2020-08-14,2026-03-14,481
monop,survivor,2021-09-24,2026-05-03,365
moon,survivor,2021-08-15,2024-03-10,60
moonlight,hunter,2026-03-07,2026-03-07,1
more,survivor,2020-08-15,2024-03-17,24
morina,survivor,2024-03-09,2026-03-07,5
moririn,survivor,2024-03-02,2026-05-02,108
morningstar,hunter,2022-02-20,2022-02-20,3
moroll,hunter,2023-06-25,2024-07-21,10
moru,hunter,2021-03-06,2025-03-01,40
moss,survivor,2022-06-25,2022-07-02,5
moumou,survivor,2026-03-01,2026-03-01,1
mozuku,hunter,2022-07-30,2022-08-21,9
mrcuddlybear,survivor,2022-06-25,2022-06-25,3
mrr,survivor,2022-07-30,2022-07-30,1
ms,survivor,2025-03-06,2025-03-08,4
mt,survivor,2024-03-09,2024-03-09,2
mugyan,survivor,2020-10-10,2020-10-16,4
muhyo,hunter,2023-07-08,2024-03-10,6
mumu,survivor,2022-02-25,2024-07-27,19
musa,survivor,2025-03-01,2025-03-01,3
musan,hunter,2020-10-11,2022-03-06,6
muscle,survivor,2021-03-13,2021-03-13,3
mushi,survivor,2020-11-12,2022-04-03,19
musk,both,2023-03-04,2024-10-26,27
mute,survivor,2025-02-22,2025-02-22,2
muu,hunter,2020-10-09,2020-10-09,1
muxin,hunter,2022-02-19,2026-03-01,33
mx,survivor,2021-03-06,2026-03-07,113
my,survivor,2026-03-06,2026-03-08,5
myleg,survivor,2021-02-28,2024-09-27,76
myme,survivor,2022-12-03,2026-03-06,92
myoonn,hunter,2025-03-01,2025-03-01,1
mz,both,2023-09-28,2025-04-20,27
mzk,hunter,2026-02-28,2026-04-17,8
n1e,hunter,2023-12-10,2026-05-02,311
nach,survivor,2025-05-31,2025-12-07,75
nachi,survivor,2025-02-22,2025-03-02,12
nagato,hunter,2022-02-26,2022-02-26,3
nagi,survivor,2026-02-28,2026-03-01,6
nagisa,hunter,2023-07-08,2023-07-09,4
nai33,survivor,2023-02-19,2024-03-17,15
naian,survivor,2021-10-15,2021-11-13,24
naih33,survivor,2022-06-25,2023-02-17,5
naiyu,survivor,2020-09-05,2020-09-05,3
naka,survivor,2020-08-08,2020-08-08,3
nakamura,survivor,2024-03-02,2024-03-10,5
nakase,hunter,2022-07-03,2022-07-03,2
nalong,survivor,2025-03-01,2025-03-01,2
namako,survivor,2024-03-01,2025-03-02,20
nameko,survivor,2022-12-03,2025-12-19,286
nami,survivor,2025-03-01,2025-03-01,1
nan,survivor,2022-10-22,2025-12-11,417
nana,both,2020-10-11,2026-03-13,39
nanako,survivor,2021-03-21,2026-05-05,518
nanami,hunter,2022-02-26,2023-02-25,3
nangram,survivor,2025-03-01,2025-03-01,3
nano,hunter,2022-12-03,2022-12-03,2
nanzhao,survivor,2023-03-05,2023-03-25,10
nanzhiye,survivor,2023-03-05,2023-03-26,16
nao,survivor,2021-11-14,2024-09-26,18
naoh,survivor,2025-03-06,2025-03-22,12
napjune,hunter,2025-03-01,2025-03-01,1
narumi,hunter,2026-02-28,2026-03-14,6
naruto,survivor,2022-07-03,2022-07-09,6
nary,survivor,2026-02-28,2026-04-17,18
nato,survivor,2022-02-20,2024-07-14,22
natuki,hunter,2023-02-19,2024-03-10,5
nayeon,survivor,2022-02-26,2022-02-26,3
nct,survivor,2026-03-01,2026-03-01,3
neco,survivor,2026-02-28,2026-03-13,12
neet,hunter,2023-02-25,2023-02-25,2
neila,hunter,2024-07-14,2026-03-02,6
neko,both,2021-03-07,2026-02-28,18
nekobebi,hunter,2023-02-17,2023-02-17,2
nekocya,survivor,2026-02-27,2026-03-07,8
nekuro,hunter,2020-08-14,2020-08-14,1
nelkiesus,survivor,2022-02-19,2022-02-19,3
nemo,hunter,2024-08-30,2024-08-31,3
nene,hunter,2024-03-16,2024-03-16,2
nenozateb,survivor,2020-10-03,2020-10-09,5
nerisu,survivor,2022-12-03,2026-03-14,315
neru,survivor,2021-03-06,2026-03-08,34
nerukun,survivor,2020-10-03,2024-08-31,68
nessie,survivor,2021-06-19,2021-06-27,5
nextdoorr,survivor,2021-03-07,2021-03-07,2
ng,survivor,2021-03-06,2022-08-28,27
ngo,survivor,2020-10-16,2020-10-16,2
nian,survivor,2026-02-28,2026-02-28,4
nicchi,survivor,2020-08-07,2020-08-22,8
nicki,survivor,2026-02-28,2026-03-01,6
nico,hunter,2022-07-30,2023-04-16,17
nicolodien,hunter,2022-06-24,2022-07-02,7
night,both,2022-02-25,2024-07-14,34
nightowl,survivor,2021-08-08,2024-03-09,40
nighty,hunter,2026-03-06,2026-03-21,8
nilu,hunter,2023-07-30,2023-08-27,6
nimue,survivor,2022-07-02,2022-07-02,2
ning,survivor,2021-03-13,2025-02-23,8
ningning,survivor,2022-02-19,2022-02-19,3
ningyizhuo,survivor,2022-06-25,2022-07-01,4
nisa,survivor,2022-12-03,2022-12-22,16
nishidax,survivor,2026-02-27,2026-03-07,6
nitnit,survivor,2023-02-25,2023-02-25,3
nlkuq,survivor,2026-02-28,2026-03-14,7
nn,survivor,2025-03-01,2025-04-20,16
noah,hunter,2026-02-28,2026-02-28,2
nobara,hunter,2022-02-19,2022-07-30,4
nobody,hunter,2023-06-24,2023-06-25,4
noko,survivor,2022-06-24,2022-06-24,2
nomercy,survivor,2024-08-30,2024-08-30,3
non,survivor,2020-08-14,2021-06-27,12
nongshane,survivor,2024-03-09,2024-03-09,2
nonino,hunter,2020-08-16,2022-08-26,82
nonsept,hunter,2026-03-05,2026-03-22,18
nopmoomoo,survivor,2020-10-09,2020-10-11,5
norcy,survivor,2021-03-21,2023-12-10,34
nori,survivor,2021-11-13,2021-11-28,6
noun,survivor,2021-02-27,2021-02-27,3
noyo,survivor,2021-11-14,2021-11-27,9
nozomi,survivor,2020-08-09,2020-11-13,6
numer,survivor,2026-03-01,2026-03-01,2
numnums,survivor,2021-02-28,2021-02-28,3
nuo,survivor,2025-03-01,2025-03-01,1
nyab,hunter,2022-07-03,2022-07-03,4
nyado,survivor,2020-10-09,2020-10-25,8
nyan,survivor,2021-03-07,2026-05-03,522
nyang,survivor,2025-03-01,2025-03-01,3
nym,survivor,2024-03-09,2025-03-02,6
nyo,hunter,2023-02-17,2023-02-17,1
nzz2,hunter,2021-11-14,2021-11-14,2
o5,survivor,2024-07-20,2024-07-21,4
ocha,survivor,2021-06-19,2021-09-12,10
odeop,hunter,2024-03-16,2025-03-02,9
ohmy,survivor,2024-03-30,2024-03-30,2
oi,hunter,2021-11-13,2021-11-13,2
ola,survivor,2021-03-13,2023-02-26,30
olphinmarumo,survivor,2021-11-13,2021-11-13,2
on,hunter,2026-02-28,2026-03-01,6
one,survivor,2026-02-28,2026-02-28,2
oni,survivor,2023-04-07,2023-04-17,9
oniske,survivor,2022-07-30,2024-09-26,56
op,survivor,2024-07-21,2024-07-21,3
orai,hunter,2021-06-12,2021-06-12,1
orange,both,2021-03-20,2024-07-27,18
orens,survivor,2021-03-06,2022-02-26,13
oreo,hunter,2020-08-09,2020-08-23,3
ori,survivor,2021-11-13,2022-12-23,53
"orzかふぇ",survivor,2021-06-13,2021-06-13,2
oub,hunter,2024-03-09,2024-03-30,11
ouo,survivor,2025-03-01,2025-04-20,16
ovo,survivor,2021-09-11,2026-02-28,24
ovosexy,survivor,2021-11-14,2021-11-14,2
ovt,survivor,2021-02-28,2021-02-28,3
owl,both,2022-07-02,2022-07-30,3
oxygen,both,2021-08-08,2023-08-05,40
ozi,survivor,2026-02-28,2026-03-01,6
p1um,hunter,2023-02-18,2023-02-19,4
pablizg,survivor,2024-03-17,2024-03-17,1
pablozg,survivor,2022-06-24,2024-07-15,20
paejak,survivor,2022-02-19,2022-02-19,3
pai,survivor,2023-02-25,2023-02-25,3
paiq,survivor,2021-03-13,2021-03-13,3
pairchu,survivor,2022-02-20,2022-02-20,1
panchu,hunter,2022-07-03,2022-07-03,1
panda,survivor,2022-08-21,2025-04-19,56
pandaaaa,survivor,2022-08-19,2022-08-27,4
paopao,hunter,2022-08-27,2022-08-27,2
paperjam,survivor,2023-02-24,2023-02-26,5
papermoon,survivor,2025-02-23,2025-02-23,4
papi,survivor,2022-06-24,2022-06-24,2
papua,hunter,2022-02-19,2022-04-30,7
paripi,survivor,2023-02-25,2024-03-15,13
patato,survivor,2022-08-21,2022-08-21,1
patoa,survivor,2024-07-20,2024-07-20,3
paulblems,survivor,2021-02-28,2026-04-19,85
paya,survivor,2023-02-24,2023-02-24,3
pbnjam,survivor,2023-02-18,2023-04-16,16
peace,survivor,2024-03-09,2024-03-09,3
peachgn,hunter,2024-03-17,2024-03-17,1
peep,survivor,2025-03-01,2025-03-01,2
peko,hunter,2025-03-01,2025-03-02,8
pencilnobully,hunter,2021-08-08,2021-09-11,14
pendk,survivor,2026-02-27,2026-03-15,14
penguin,survivor,2023-02-18,2025-02-22,5
penmochi,hunter,2021-03-06,2021-03-06,3
peronishaka,survivor,2021-09-11,2021-09-12,6
perroquet,survivor,2021-03-07,2021-03-07,2
pers1ca,hunter,2024-07-14,2024-07-15,9
persica,survivor,2024-06-09,2026-05-02,316
peter,hunter,2023-10-21,2026-05-01,143
pf,survivor,2021-03-13,2021-03-14,6
pfizer,survivor,2021-08-07,2021-08-07,2
phamlam,hunter,2025-03-01,2025-03-01,2
phew,survivor,2024-07-20,2024-07-21,8
phr,survivor,2026-02-28,2026-04-17,18
phuping,survivor,2025-03-01,2025-03-01,2
piaopiao,survivor,2024-07-27,2024-07-27,3
pichu,survivor,2021-03-07,2021-06-12,3
pigeon,survivor,2022-06-24,2022-06-24,1
pikachi,survivor,2022-02-26,2022-02-26,2
pin,survivor,2021-03-13,2024-09-28,55
pindy,survivor,2025-02-22,2026-03-01,12
pine,survivor,2022-06-24,2022-06-24,2
pingfan,survivor,2023-02-24,2025-02-23,19
pino,survivor,2020-08-07,2020-08-07,2
pinota,survivor,2021-06-18,2026-03-01,147
pinpin,survivor,2025-02-22,2025-04-18,19
pinto,survivor,2022-02-20,2022-02-20,4
pipicha,hunter,2021-03-13,2026-05-02,141
pito,both,2023-07-08,2026-02-28,4
pitstoper,hunter,2023-02-19,2026-04-19,42
pitstopers,hunter,2022-07-01,2022-07-02,2
pj,survivor,2021-08-14,2021-08-14,3
pkpg,survivor,2023-06-24,2023-06-24,2
plukname,survivor,2021-08-07,2024-08-31,16
plum,hunter,2022-07-30,2022-07-30,1
po,survivor,2024-07-20,2024-07-20,2
poarunna,survivor,2026-02-27,2026-03-07,6
pocketpig,survivor,2023-02-18,2023-02-18,4
polarz,survivor,2022-02-20,2024-03-16,16
pon,survivor,2020-10-11,2020-10-24,5
potal,survivor,2022-02-20,2022-02-20,5
potato,survivor,2022-08-19,2026-03-07,49
potterzzz,hunter,2022-08-20,2023-02-26,10
pou,survivor,2022-07-30,2022-07-30,2
pp,survivor,2024-08-24,2026-04-18,39
pp14bk,survivor,2024-07-27,2024-07-28,9
ppei,hunter,2023-03-05,2026-05-05,317
ppexpress,survivor,2022-07-02,2022-07-02,2
ppm,survivor,2026-03-01,2026-04-19,15
ppoi,survivor,2025-03-01,2025-03-01,3
ppx,hunter,2020-06-25,2024-03-30,357
ppxia,both,2020-06-25,2026-04-19,720
ppz,survivor,2022-10-28,2026-04-19,154
prczo,survivor,2024-07-14,2024-07-14,2
precor,hunter,2023-02-25,2023-02-26,3
promeh,hunter,2022-02-20,2022-02-21,6
proudsensei,survivor,2022-02-20,2022-02-20,4
prouvari,survivor,2022-06-24,2022-06-24,2
prpr,survivor,2026-02-28,2026-03-13,12
prune,survivor,2025-03-01,2025-03-01,3
prushka,hunter,2023-02-25,2023-02-25,3
pudding,survivor,2022-02-19,2022-02-19,1
puli,survivor,2021-02-26,2021-02-26,2
pun,hunter,2023-06-24,2023-06-24,1
puppy,survivor,2023-02-18,2023-02-18,2
purinp,hunter,2023-02-24,2023-02-24,1
purn,survivor,2022-02-20,2026-03-01,19
pyapya,survivor,2021-02-26,2021-02-26,2
pygmalion,hunter,2021-03-21,2021-03-21,2
pyone,survivor,2021-03-05,2023-04-17,205
q2779q,survivor,2023-03-04,2023-03-12,6
qc,survivor,2022-06-25,2022-06-25,2
qchun,survivor,2020-11-12,2020-11-21,8
qg,survivor,2023-03-05,2023-03-12,7
qian,survivor,2026-03-01,2026-03-01,1
qing(sea),both,2021-08-08,2022-02-26,12
qingc,survivor,2020-06-26,2022-04-20,152
qingh,hunter,2021-02-28,2026-03-02,17
qingq,survivor,2022-11-04,2023-07-14,66
qingy,survivor,2025-02-23,2026-03-02,6
qino,survivor,2022-07-30,2022-08-07,11
qinwen,survivor,2023-02-18,2023-02-18,4
qiu,hunter,2025-06-06,2026-04-19,35
qiuf,survivor,2025-03-07,2025-03-22,12
qredona,survivor,2020-10-02,2022-02-27,45
qrens,survivor,2021-08-22,2021-08-22,3
quacken,survivor,2022-02-20,2022-02-20,2
quokka,hunter,2023-06-24,2023-06-25,2
r1haku,hunter,2022-02-19,2023-02-17,6
r1pa,hunter,2023-06-24,2023-06-24,2
rabbit,hunter,2022-10-23,2023-08-04,23
raccoon,hunter,2023-02-17,2024-03-17,3
ragineko,hunter,2022-03-05,2022-03-11,4
raidon,survivor,2020-10-17,2020-10-17,3
rainedrop,survivor,2020-10-02,2021-09-05,30
rainv,hunter,2022-07-03,2022-07-03,3
rainyk,survivor,2023-02-24,2023-02-26,5
raizn,survivor,2026-02-27,2026-03-07,6
rakki,survivor,2021-03-14,2021-05-01,8
rakko,survivor,2024-07-27,2024-07-28,5
ram,both,2021-03-06,2023-02-19,31
rami,survivor,2024-03-16,2024-03-16,2
ran,survivor,2022-02-26,2022-02-27,5
randolando,hunter,2022-06-25,2022-06-25,2
raolie,survivor,2020-08-08,2025-12-21,438
raorie,survivor,2020-10-31,2020-11-01,6
rare,survivor,2020-08-08,2020-08-09,5
rata,hunter,2022-07-30,2023-03-05,22
rawfish,survivor,2024-07-14,2024-07-15,10
raye,survivor,2021-09-11,2021-09-12,3
recha,survivor,2026-03-05,2026-03-07,4
red,survivor,2025-03-06,2026-01-03,74
ref,survivor,2023-02-25,2023-02-25,3
regesi,survivor,2023-03-04,2024-08-24,212
reineko,survivor,2024-03-01,2024-03-15,7
reli,hunter,2020-08-14,2021-11-26,11
rem,survivor,2021-03-06,2023-08-27,44
repa,hunter,2023-02-25,2026-03-01,20
rex,survivor,2025-03-01,2025-03-01,3
rezuki,survivor,2022-06-24,2022-06-24,3
ribbon,survivor,2026-02-28,2026-02-28,3
rice,survivor,2022-03-20,2022-04-04,6
riffernun,both,2021-08-08,2022-02-27,26
rin,survivor,2023-02-18,2023-02-18,3
riye,survivor,2024-03-16,2024-03-16,2
riz,survivor,2022-12-03,2026-04-17,36
roido,survivor,2020-10-10,2023-02-26,25
roido_,survivor,2022-03-06,2022-03-06,1
rolend,survivor,2021-02-28,2026-05-01,114
rome,survivor,2024-07-20,2026-02-28,6
romi,hunter,2023-09-28,2024-07-21,12
ronald,survivor,2025-02-22,2025-02-22,3
rose,hunter,2021-03-06,2026-03-07,118
rose(sea),survivor,2021-08-08,2021-09-04,15
roserin,survivor,2020-10-10,2020-10-25,8
roxy,survivor,2023-02-17,2023-08-05,10
ruby,survivor,2025-03-01,2025-03-01,2
rubyjah,survivor,2024-03-09,2024-03-09,2
ruin,survivor,2023-07-08,2023-07-09,7
ruka,survivor,2020-08-07,2021-12-11,85
rum,survivor,2025-02-23,2026-03-02,10
rumi,survivor,2022-07-30,2022-07-31,5
run,survivor,2021-09-11,2021-09-12,6
runn,survivor,2021-08-21,2025-03-01,57
ruoan,survivor,2020-06-25,2020-09-20,37
rupirupi,survivor,2022-02-19,2022-02-19,3
ruto,survivor,2020-10-10,2021-05-01,30
rye,survivor,2022-08-26,2025-03-01,14
ryoga,survivor,2021-06-13,2024-03-15,10
ryun,hunter,2023-02-24,2023-04-17,19
ryz,hunter,2021-11-13,2024-12-22,159
s1en,hunter,2025-03-01,2025-03-01,2
sa1da,survivor,2024-09-26,2024-09-26,2
saber,survivor,2026-02-28,2026-04-17,18
said,hunter,2025-02-22,2026-03-01,2
saiki,hunter,2020-10-10,2020-10-18,4
sakana,survivor,2022-02-20,2022-02-20,2
saken,survivor,2024-07-14,2025-02-22,8
salilly,survivor,2022-02-20,2022-02-21,7
sally,survivor,2022-02-19,2022-09-25,20
saltysand,hunter,2026-02-28,2026-03-01,2
sang9,survivor,2021-03-27,2021-03-27,3
sango,survivor,2023-06-24,2023-06-24,2
sans,survivor,2020-06-25,2026-05-05,660
santidevil,hunter,2024-03-16,2024-07-15,4
santy,hunter,2022-06-25,2023-06-24,5
sany,survivor,2024-03-09,2024-03-17,4
sanye,survivor,2023-03-04,2023-03-25,6
sao,survivor,2021-03-13,2021-03-13,2
sapphire,survivor,2022-07-01,2023-02-17,4
sara,survivor,2022-06-25,2022-07-02,5
sasa,hunter,2020-11-07,2020-11-25,4
sashiya,survivor,2022-06-24,2022-06-24,2
sasoleil,survivor,2021-08-29,2021-09-05,8
sasori,survivor,2020-10-16,2025-07-13,440
sasuke,survivor,2022-07-03,2022-07-09,6
satoru,survivor,2024-04-13,2024-04-20,8
saury,survivor,2022-07-24,2022-10-15,14
saveagecat,hunter,2021-03-07,2021-03-07,2
savinorz,survivor,2023-02-18,2025-03-01,11
sawa,survivor,2022-07-30,2022-07-30,1
sawwy,survivor,2023-02-18,2024-07-15,18
sayuri,survivor,2023-02-17,2023-02-17,2
scamander,survivor,2022-08-20,2022-08-28,8
scar,survivor,2024-03-16,2024-03-16,5
schmiddy,survivor,2021-02-28,2026-05-01,124
scorpion,survivor,2023-02-18,2026-02-28,53
sea,hunter,2026-03-22,2026-03-22,1
seed,survivor,2023-03-05,2023-03-26,16
seeun,survivor,2021-09-11,2023-04-17,53
segel,survivor,2026-03-05,2026-03-07,4
sehwi,survivor,2021-09-24,2021-09-24,3
seiro,survivor,2022-02-20,2023-06-25,8
seiychu,hunter,2021-08-07,2023-07-30,17
selin,survivor,2022-07-03,2022-07-03,2
selous,survivor,2024-07-20,2024-07-20,1
senky,hunter,2022-02-27,2022-02-27,1
sennie,survivor,2022-02-25,2022-08-27,9
senq,hunter,2026-02-28,2026-02-28,3
serend,survivor,2022-02-19,2022-02-19,3
seres,hunter,2023-02-18,2023-02-18,2
serio,survivor,2022-02-20,2022-02-20,2
sesame,survivor,2022-02-20,2024-03-17,22
sese,hunter,2020-06-26,2022-10-30,88
seupjak,survivor,2022-07-30,2022-07-30,3
seven,both,2023-02-25,2025-03-08,38
sh,survivor,2021-11-13,2021-11-13,3
sh0gun,survivor,2021-11-14,2021-11-19,4
shadow,survivor,2021-06-12,2023-05-03,284
shadow(sea),survivor,2021-08-21,2026-03-08,96
shane,survivor,2022-02-26,2023-08-06,12
shanesan,survivor,2022-08-20,2022-08-20,2
shao,both,2022-02-25,2025-02-23,53
sheep,hunter,2023-07-08,2025-02-22,6
sheher,hunter,2020-08-14,2021-11-13,8
sheni,survivor,2022-03-19,2022-04-03,4
shenichi,survivor,2021-08-07,2021-08-27,6
shenl,survivor,2022-03-26,2023-03-12,7
sherlock,survivor,2022-03-20,2022-03-27,5
shevchenko,survivor,2024-03-17,2025-02-23,8
shi,hunter,2020-10-02,2021-09-12,35
shiari,survivor,2021-08-08,2021-09-05,15
shibata,hunter,2024-03-09,2024-03-09,3
shinsmi,survivor,2020-11-13,2020-11-13,2
shirayuki,survivor,2022-07-30,2024-03-15,15
shiro,survivor,2020-08-07,2024-03-15,37
shisa,survivor,2024-07-27,2024-07-28,5
shishi,survivor,2021-08-07,2021-08-07,2
shiwu,survivor,2026-03-02,2026-03-02,4
sho,survivor,2022-12-04,2022-12-22,7
shogun,survivor,2021-11-27,2021-11-27,3
shota,both,2020-08-07,2023-12-22,106
shou,survivor,2022-12-03,2022-12-04,8
shu,survivor,2020-08-09,2024-03-15,35
shuaimr,survivor,2023-06-10,2023-07-02,20
shuga,survivor,2021-11-27,2021-11-27,1
shun,hunter,2023-06-24,2023-06-24,2
shuni,survivor,2020-10-02,2021-09-12,25
shuniiiii,survivor,2023-02-25,2023-02-26,7
shushu,survivor,2024-03-09,2024-03-10,5
shy,survivor,2020-06-25,2024-03-30,18
sian,survivor,2024-07-20,2025-09-12,9
siesta,hunter,2023-02-24,2023-02-24,2
sign,hunter,2021-06-18,2022-12-11,8
signf,hunter,2022-08-21,2022-08-21,3
sijimi,survivor,2021-11-13,2021-11-28,6
sika,survivor,2020-10-09,2022-08-26,61
sikey,survivor,2022-06-24,2026-03-01,18
silia,hunter,2020-08-15,2023-04-17,171
silk,hunter,2020-08-14,2022-05-03,29
silverzhi,survivor,2022-10-05,2026-03-21,465
silvia,survivor,2024-07-20,2024-07-20,2
silwave,survivor,2023-03-04,2025-03-22,16
sinami,survivor,2020-08-14,2026-05-01,602
sings,survivor,2022-07-03,2022-07-03,3
sinto,hunter,2021-03-13,2022-07-31,17
siokn,hunter,2021-06-12,2021-09-11,11
sirasu,survivor,2022-12-03,2022-12-04,8
siro,survivor,2022-07-31,2022-07-31,2
siru,both,2020-10-04,2025-03-02,67
sito,hunter,2024-03-09,2024-03-10,4
siu,survivor,2023-06-24,2026-02-28,7
siuuuuuu,survivor,2024-03-16,2024-04-20,15
six,survivor,2026-02-28,2026-04-17,15
sixhua,hunter,2024-03-09,2024-03-09,2
siyu,hunter,2025-04-15,2026-03-07,5
sj,survivor,2025-03-01,2025-03-01,3
skeleton,survivor,2022-07-03,2022-07-09,6
sky,survivor,2021-04-11,2023-02-24,3
skyfall,survivor,2020-10-02,2026-03-08,109
skyhan,survivor,2023-07-29,2023-08-06,9
skyzer0,survivor,2021-08-08,2021-09-05,18
skyzero,hunter,2020-10-04,2020-10-04,2
slade,hunter,2022-06-24,2022-07-01,4
sleep,survivor,2022-07-03,2022-07-03,3
sleepy,hunter,2023-06-10,2023-07-01,10
slothtop,survivor,2020-10-02,2020-10-25,22
slpduyhf,survivor,2021-03-28,2021-03-28,4
slup,survivor,2021-08-29,2021-08-29,2
smile,survivor,2022-07-30,2022-08-21,15
sms,survivor,2024-07-20,2024-07-21,5
sneaky,hunter,2022-02-26,2023-09-28,28
sneakyensign,hunter,2021-08-08,2021-08-29,5
snoopy,survivor,2025-02-22,2025-03-07,13
snow,hunter,2025-03-08,2025-03-08,1
snowdrop,survivor,2022-08-19,2022-08-19,3
snowqueen,survivor,2021-08-07,2021-08-07,3
sny6,survivor,2024-03-16,2024-03-16,2
soar,survivor,2020-08-14,2026-03-14,554
soba,survivor,2020-08-15,2026-05-03,582
sobin,hunter,2024-03-17,2024-03-17,2
sol,survivor,2025-03-01,2026-04-17,25
somu,survivor,2022-07-02,2022-07-02,3
sophie,survivor,2020-10-10,2020-10-10,2
sorasora,survivor,2021-03-13,2021-03-13,1
sori,survivor,2023-02-17,2023-02-17,4
soryong,survivor,2024-03-16,2024-03-16,2
sosuke,survivor,2024-07-20,2024-07-21,7
source,hunter,2021-03-21,2021-04-17,10
sousuke,survivor,2023-07-08,2023-07-08,2
souta,hunter,2020-08-07,2021-06-26,7
soyo,survivor,2022-03-04,2022-03-06,6
spade,survivor,2022-12-03,2022-12-03,1
spark,survivor,2026-03-07,2026-03-07,1
spicy,survivor,2025-02-22,2025-02-22,2
spmn,hunter,2021-06-18,2021-06-20,2
sprintzer,hunter,2021-02-28,2026-05-01,121
spst,survivor,2020-10-03,2020-10-11,8
sqush,survivor,2023-02-18,2023-02-18,1
ss,survivor,2025-03-07,2026-03-07,19
ssa,hunter,2025-11-14,2026-03-21,11
ssalt,survivor,2022-07-30,2022-07-30,2
ssees,survivor,2021-03-06,2021-03-14,10
ssibung,hunter,2023-09-28,2026-03-01,22
stalkers,survivor,2025-03-01,2025-03-01,2
star,survivor,2024-03-10,2024-03-17,5
stian,survivor,2020-12-12,2026-05-05,202
stn,survivor,2023-02-26,2023-02-26,1
stnk,hunter,2023-02-25,2024-07-28,28
stone,both,2022-03-19,2022-07-30,6
suda,hunter,2024-11-17,2026-01-02,47
sugar,survivor,2021-08-07,2021-08-27,5
sugarbaby,survivor,2021-08-21,2021-08-21,4
sugardaddy,survivor,2022-08-20,2022-08-27,7
sugardady,survivor,2021-08-21,2021-08-21,1
sugerdaddy,survivor,2022-08-26,2022-08-26,1
sukiyaki,hunter,2026-03-08,2026-03-08,1
sukotchii,hunter,2021-11-13,2021-11-28,5
sum,survivor,2021-09-11,2021-09-11,3
suming,survivor,2022-07-02,2022-07-09,5
sumnyang,survivor,2024-03-17,2024-03-17,2
sun,survivor,2021-09-12,2022-07-31,4
sunny,survivor,2024-07-27,2025-02-22,12
sunowo,survivor,2021-08-07,2021-09-04,15
"superman丿",hunter,2021-06-13,2021-06-13,1
superq,hunter,2021-03-14,2021-03-14,4
superrich,hunter,2021-06-19,2023-12-29,186
superzhan,hunter,2026-03-01,2026-03-01,1
supri,hunter,2022-07-30,2022-07-31,5
surpx,survivor,2022-08-19,2025-03-02,16
surume,both,2021-06-20,2022-08-26,41
sweet,survivor,2021-03-28,2021-04-17,13
sweet9,survivor,2025-03-07,2025-03-07,2
sweetsleep,survivor,2022-07-30,2022-07-30,4
sxy,survivor,2020-06-25,2025-03-22,586
syang,survivor,2021-03-21,2021-04-17,16
sydow,hunter,2020-10-10,2020-10-24,3
sylph,survivor,2023-02-19,2023-03-04,4
syncrows,survivor,2020-10-03,2020-10-25,16
syntice,survivor,2021-08-15,2025-03-01,23
syr,survivor,2021-06-12,2021-06-12,2
syu,both,2020-08-16,2021-03-06,14
syuyi,survivor,2021-11-13,2021-11-28,6
syuzo,survivor,2022-03-05,2022-03-12,10
sz,survivor,2022-03-19,2022-04-03,8
szji,survivor,2024-07-27,2025-02-22,12
s|up,survivor,2021-08-08,2021-08-29,7
t,survivor,2025-02-22,2025-02-22,3
tabongdochi,survivor,2022-07-30,2022-07-30,3
tai,survivor,2020-08-15,2023-03-05,89
taiga,survivor,2022-12-03,2022-12-22,14
tajan,survivor,2021-09-11,2021-09-11,2
takakou,survivor,2020-08-08,2026-05-03,370
takashi,survivor,2022-12-04,2022-12-10,7
takatou,survivor,2021-07-04,2021-07-04,1
taki,survivor,2021-03-13,2022-07-02,8
takoyaki,survivor,2020-08-16,2026-03-14,384
taku,hunter,2021-03-05,2021-07-04,10
"takuかね",survivor,2021-11-13,2021-11-13,3
tal,survivor,2021-05-23,2021-05-30,5
tamago,survivor,2022-07-30,2022-07-30,3
tang,survivor,2020-06-26,2023-08-12,310
tao,survivor,2022-03-19,2025-10-03,7
tarako,survivor,2023-02-25,2026-03-14,130
tarlong,survivor,2025-03-09,2025-03-09,3
taryo,hunter,2021-03-13,2023-02-26,10
tasochan,survivor,2022-07-30,2022-08-07,11
tawash,survivor,2021-11-13,2024-06-30,29
taytien,both,2023-07-29,2026-03-07,16
tea,survivor,2020-06-25,2025-03-22,422
tekepi,survivor,2021-06-13,2021-11-27,24
tekepj,survivor,2021-07-02,2021-07-02,1
tem,survivor,2022-02-19,2022-02-20,4
terad,survivor,2026-02-27,2026-03-15,12
terd,survivor,2025-02-22,2025-03-09,15
termon,survivor,2024-03-16,2024-03-16,2
tesona,survivor,2022-07-30,2022-08-07,11
thaemanh,survivor,2021-02-28,2021-02-28,1
theflash,survivor,2020-10-03,2021-08-22,31
thehre,survivor,2022-06-24,2022-06-24,3
thelast,hunter,2021-05-02,2024-08-25,9
thetu,survivor,2024-03-09,2024-03-09,2
thinh,survivor,2022-02-25,2022-02-25,3
thorne,survivor,2025-03-01,2025-03-01,2
tian,survivor,2025-10-02,2026-05-01,82
tiara,survivor,2022-12-03,2022-12-03,1
tinechu,survivor,2022-02-19,2022-02-20,4
tinytomato,survivor,2022-07-02,2022-07-02,2
tk,survivor,2021-12-10,2023-08-12,29
tktora,survivor,2021-03-05,2022-11-27,96
tmasa,survivor,2025-02-22,2026-05-02,92
tobi,survivor,2021-06-13,2021-07-04,5
tofu,both,2022-02-19,2024-08-30,22
toki,survivor,2020-08-07,2023-05-01,156
tomax,survivor,2020-08-15,2020-08-15,2
tomiken,survivor,2022-07-30,2022-07-31,5
tonax,survivor,2020-08-14,2020-08-14,3
tong,hunter,2022-03-20,2022-03-27,4
tonkatsu,both,2022-02-20,2024-07-15,8
tonyma,survivor,2022-02-19,2022-02-19,3
"ton y ma",survivor,2023-02-17,2023-02-17,2
tosa,survivor,2021-03-06,2021-03-07,5
toulang,hunter,2023-02-18,2024-07-20,4
towa,survivor,2021-02-26,2022-07-02,11
tr,hunter,2021-06-12,2021-06-12,1
traim,survivor,2020-10-16,2020-10-24,5
trap,hunter,2026-03-01,2026-04-17,6
tree,both,2023-06-24,2024-03-17,3
truth,survivor,2023-03-04,2023-03-25,12
tsenka,survivor,2022-07-02,2023-07-09,16
tsubachi,hunter,2022-12-03,2024-03-15,3
tsubaki,survivor,2021-06-19,2021-06-27,5
tsun,survivor,2023-02-25,2024-03-10,8
tt(hmt),survivor,2023-02-24,2023-02-24,1
tt(kor),survivor,2021-02-27,2021-02-27,3
tuma,survivor,2021-07-03,2021-07-03,1
tuna,survivor,2020-08-14,2025-12-21,380
tung,survivor,2025-03-01,2025-03-01,1
tunndere,survivor,2022-07-03,2022-07-03,4
tuo,survivor,2021-03-13,2025-02-23,24
turkeybily,hunter,2025-02-22,2025-02-22,2
tuyen,survivor,2025-03-01,2025-03-01,3
tuyu,survivor,2025-03-01,2025-03-02,5
tvtear,hunter,2026-03-06,2026-03-08,5
tx,both,2020-11-05,2025-05-04,515
txnia,survivor,2022-06-25,2022-06-25,3
ty,survivor,2024-03-17,2024-03-17,3
typepost,hunter,2025-03-01,2025-03-02,4
tyun,hunter,2024-03-16,2024-07-20,4
tzumang,survivor,2021-02-26,2024-03-17,23
tzumong,survivor,2023-02-17,2023-02-17,1
tzym,hunter,2024-03-09,2025-11-22,126
u_tan,survivor,2021-06-18,2021-06-26,6
ujima,hunter,2022-07-30,2022-07-30,1
ujo,hunter,2022-03-19,2022-04-03,7
uke,survivor,2025-09-12,2025-09-12,1
ukg,hunter,2021-03-13,2022-10-02,14
ukj,hunter,2024-04-13,2024-04-21,2
umaru,survivor,2023-07-08,2023-07-09,7
umi,survivor,2025-02-22,2025-02-22,2
umocchi,survivor,2026-02-28,2026-03-13,11
umu,survivor,2022-07-02,2022-07-02,3
unicorn,survivor,2025-03-06,2026-03-21,133
unpopo,survivor,2022-02-25,2022-02-25,1
unpyi,survivor,2020-10-10,2026-05-03,437
unyu,survivor,2022-07-30,2022-12-11,17
upxi,survivor,2020-08-03,2024-05-01,300
ury,survivor,2021-03-07,2022-02-25,6
usagi,survivor,2020-10-09,2020-10-11,5
utan,survivor,2020-08-07,2020-08-07,5
uu,survivor,2025-02-22,2026-03-01,7
uzero,survivor,2022-07-02,2022-07-09,3
v1ole7,survivor,2026-03-05,2026-03-07,3
v8,survivor,2020-10-02,2020-10-25,22
vaccine,survivor,2021-08-07,2021-08-14,5
valager,survivor,2024-03-10,2025-03-08,14
van,survivor,2024-07-20,2024-07-21,5
vangg,survivor,2021-08-08,2021-08-29,9
vani,survivor,2026-02-28,2026-04-17,23
vanpyi,hunter,2020-08-08,2023-04-14,125
varis,survivor,2024-07-14,2024-07-14,2
"vega'ahoge",survivor,2021-06-12,2021-06-12,2
violet,survivor,2024-08-11,2024-12-07,10
vivian,survivor,2026-03-07,2026-03-07,4
vodka,survivor,2022-02-25,2023-07-09,12
vuerld,survivor,2022-07-30,2023-03-04,9
vuiton,hunter,2026-02-28,2026-04-12,7
w,survivor,2022-12-03,2022-12-03,3
walmart,hunter,2022-02-19,2022-02-19,3
warot1,hunter,2023-02-19,2024-03-10,5
wasabi,survivor,2026-02-28,2026-03-01,5
watson,survivor,2023-03-04,2023-03-04,1
way,survivor,2024-07-20,2024-07-21,5
wc,survivor,2024-07-20,2024-07-20,3
wcy,hunter,2021-04-11,2021-04-16,3
weather,survivor,2025-12-31,2026-01-02,15
webz,survivor,2022-06-24,2022-07-01,3
wei,survivor,2025-10-11,2026-03-22,21
weimian,survivor,2024-07-27,2024-07-27,2
weirdo,survivor,2020-06-26,2022-05-01,232
well,hunter,2021-11-14,2021-11-27,9
wenyi,survivor,2024-03-09,2025-09-12,25
weru,hunter,2021-06-20,2021-07-04,9
wflbb,survivor,2024-03-09,2024-03-09,2
wgu,survivor,2026-02-28,2026-02-28,4
wh2t3zz,hunter,2021-03-06,2021-03-06,1
whatwhyyes,both,2022-06-24,2023-06-24,5
white,survivor,2023-07-30,2023-08-05,8
why,survivor,2021-11-13,2022-02-19,5
wilsonwei,survivor,2024-03-16,2024-03-16,3
wilwil,survivor,2022-07-02,2022-07-02,2
windy,survivor,2021-08-07,2021-08-27,9
wing,survivor,2026-03-06,2026-03-21,14
wings,survivor,2022-07-03,2022-07-09,6
winter,survivor,2022-06-25,2026-03-08,7
wlizi,hunter,2024-07-21,2025-09-12,24
wlmy,hunter,2023-03-04,2023-03-12,4
wn,survivor,2021-03-20,2021-04-16,17
woleie,survivor,2021-09-05,2021-09-05,1
wolf,hunter,2021-10-29,2022-07-23,15
wolf(kon),survivor,2025-02-23,2026-03-02,10
wolfie,survivor,2020-10-02,2023-08-05,43
wolha,survivor,2023-06-24,2023-06-24,2
wolife,survivor,2021-08-15,2021-08-15,3
woorin,survivor,2022-07-30,2022-07-30,4
wu,hunter,2024-11-16,2025-03-15,19
wuhan,survivor,2023-02-26,2023-02-26,1
wuling,survivor,2024-03-09,2024-03-09,2
wutmutter,survivor,2022-06-25,2022-07-01,3
wuyan,survivor,2023-02-25,2026-03-01,16
wuye,hunter,2023-07-08,2025-02-23,13
ww,survivor,2020-06-26,2021-12-05,161
wwy,survivor,2024-03-16,2024-04-21,12
wy,survivor,2020-06-25,2020-10-03,56
x,survivor,2021-08-07,2024-07-20,5
x1aoxiong,survivor,2022-03-20,2022-03-27,4
xawm,hunter,2020-06-27,2026-04-19,727
xc,both,2020-06-26,2025-09-11,634
"xc(仙茶)",survivor,2020-06-26,2020-08-23,21
xchen,hunter,2023-03-12,2023-03-12,3
xen,survivor,2021-03-21,2026-05-01,521
xenia,survivor,2023-07-29,2023-08-27,10
xfy,hunter,2021-03-27,2021-04-16,5
xg,survivor,2026-02-28,2026-02-28,4
xia,survivor,2023-06-24,2024-03-17,13
xiao,survivor,2022-03-19,2022-03-27,4
xiaochu,survivor,2026-02-28,2026-03-01,6
xiaoci,survivor,2020-06-27,2022-10-21,256
xiaod,survivor,2020-06-26,2026-05-05,841
xiaog,hunter,2024-03-09,2024-03-10,2
xiaoi,survivor,2021-10-16,2022-04-10,49
xiaoq,hunter,2024-03-10,2024-03-10,2
xiaosu,survivor,2022-03-19,2023-03-12,9
xiaov,survivor,2022-03-20,2023-03-12,15
xiaox,survivor,2021-03-21,2026-05-05,288
xiaoxue,survivor,2025-02-22,2025-02-22,2
xiaoy,survivor,2026-03-05,2026-03-22,19
xiaoyu,hunter,2023-03-04,2023-03-12,6
xice,hunter,2022-03-19,2022-03-27,4
xieyu,survivor,2024-03-09,2024-03-09,2
xifeng,survivor,2023-07-29,2024-03-09,11
xigua,survivor,2022-02-26,2024-03-09,5
xingchen,survivor,2022-03-20,2026-04-18,275
xingh,survivor,2021-10-17,2025-09-13,455
xingye,hunter,2026-03-08,2026-03-15,2
xiwan,survivor,2021-03-13,2021-03-14,5
xiwang,survivor,2023-02-25,2023-07-08,11
xixi,survivor,2023-06-24,2023-06-25,8
xixu,survivor,2025-03-07,2026-03-07,9
xizi,survivor,2023-02-24,2026-03-07,49
xj,hunter,2022-08-07,2022-08-07,2
xjie,survivor,2024-03-09,2025-03-01,21
xk,survivor,2023-07-08,2023-07-08,2
xlermochii,survivor,2020-10-02,2020-10-11,9
xm,survivor,2020-06-26,2021-01-08,121
xmh,survivor,2025-03-06,2025-03-08,4
xmiao5,survivor,2023-10-26,2026-05-01,224
xmm,survivor,2020-06-25,2022-07-10,119
xmx,survivor,2023-11-17,2026-05-01,341
xrr,hunter,2020-11-04,2021-04-17,17
xuan,both,2021-10-22,2024-07-14,13
xuanx,survivor,2024-03-09,2024-03-30,11
xue,survivor,2023-02-25,2024-04-21,23
xuke,survivor,2023-07-08,2023-07-08,3
xuxuzi,survivor,2024-03-09,2025-03-22,42
xx,survivor,2022-07-02,2022-07-09,5
xxia,survivor,2025-03-06,2026-03-08,8
xxue,survivor,2026-03-01,2026-03-01,3
xy,survivor,2023-10-15,2026-05-01,271
xy(ct),survivor,2022-03-27,2022-03-27,1
xyang,hunter,2025-09-11,2026-03-13,12
y,survivor,2021-09-11,2025-09-12,11
y4m1,survivor,2026-02-27,2026-03-07,8
yabbeeyo,survivor,2026-02-28,2026-03-13,12
yae,survivor,2024-03-02,2024-03-10,5
yaiba,survivor,2022-07-03,2022-07-03,4
yakakou,survivor,2024-03-16,2024-03-16,1
yako,hunter,2021-09-11,2021-09-11,1
yama,survivor,2025-02-23,2025-03-01,8
yamase,survivor,2020-08-07,2020-08-30,15
yami,hunter,2021-03-07,2026-04-17,83
yan,hunter,2020-06-27,2025-11-23,457
yanasa,hunter,2020-08-09,2024-03-15,42
yangy,survivor,2023-10-27,2025-08-21,216
yanpyi,hunter,2020-11-13,2020-11-13,2
yanqi,survivor,2022-03-20,2022-03-27,5
yanxiang,survivor,2024-03-10,2024-03-17,7
yasu,hunter,2022-02-26,2022-02-27,6
yat,survivor,2021-03-06,2023-03-05,67
yat_ash,survivor,2021-06-13,2021-06-13,3
yaya,survivor,2021-03-13,2021-03-14,9
yazen,survivor,2022-08-20,2024-08-31,21
ybp,survivor,2020-11-25,2020-11-25,2
yc,survivor,2025-02-22,2025-02-23,4
ycl,survivor,2026-03-05,2026-04-18,24
yeah,survivor,2022-02-20,2023-02-19,12
yeahsu,survivor,2024-03-17,2024-03-17,2
yellowduck,survivor,2020-10-03,2020-10-10,8
yeojin,hunter,2026-02-28,2026-02-28,1
yes,hunter,2021-03-20,2021-03-28,7
yeyv,both,2022-07-29,2025-11-16,135
yezi,survivor,2021-03-21,2021-03-27,5
yh,survivor,2026-03-05,2026-03-07,5
yihua,survivor,2020-11-12,2025-12-31,678
yijiang,survivor,2025-02-23,2026-03-01,7
yind,hunter,2024-07-14,2024-07-15,3
ying,survivor,2026-03-05,2026-03-07,5
yinjue,survivor,2023-07-21,2023-08-12,15
yinl,both,2022-03-20,2025-04-18,149
yjj,survivor,2020-06-25,2021-12-19,221
yk,both,2021-11-28,2023-07-08,4
yl,survivor,2024-03-16,2024-03-16,3
yluo,survivor,2025-02-23,2025-02-23,4
ymd,survivor,2022-03-19,2022-03-19,1
ymm,hunter,2020-06-26,2023-08-13,279
ynight,hunter,2024-03-17,2024-03-17,1
ynight33,hunter,2023-02-18,2023-02-18,1
yochi,hunter,2022-07-02,2023-07-08,11
yohe,survivor,2021-11-13,2021-11-28,6
yoin,hunter,2025-02-22,2025-02-23,2
yollo,hunter,2022-02-19,2022-02-19,3
yomi1,survivor,2025-10-25,2026-03-15,47
yomu,survivor,2022-07-02,2022-07-02,3
yoneta,survivor,2024-03-02,2024-03-10,5
yopi,hunter,2022-12-03,2022-12-03,1
yora,survivor,2024-03-02,2025-11-29,32
yorhan,survivor,2021-03-07,2021-09-05,20
yotsu,hunter,2020-08-15,2021-03-13,7
you0,both,2021-03-13,2026-03-01,22
yougg,survivor,2021-06-12,2025-03-08,229
youran,survivor,2023-07-08,2023-07-09,8
yours9,hunter,2025-03-07,2025-03-07,1
youzi,survivor,2020-06-27,2021-12-19,227
youzine,survivor,2022-12-03,2022-12-04,8
yoyo,survivor,2021-11-13,2021-11-26,6
yt,survivor,2022-07-03,2022-07-10,10
ytea,hunter,2021-03-05,2021-03-07,2
yu,survivor,2022-02-26,2026-03-01,21
yu4,hunter,2022-08-19,2022-08-19,3
yuan,survivor,2024-03-10,2026-05-05,107
yuan(sea),survivor,2025-09-11,2025-09-13,8
yue,hunter,2020-06-25,2024-03-30,484
yuebang,survivor,2022-08-20,2022-08-27,9
yuepig,survivor,2023-07-08,2023-07-09,7
yueye,hunter,2023-06-24,2023-06-24,2
yui,both,2020-10-10,2026-02-28,18
yuk1,survivor,2023-07-08,2023-07-08,2
yukakina,hunter,2022-07-02,2026-03-15,202
yuki,survivor,2021-03-06,2026-04-18,49
yuki(red),survivor,2022-03-20,2022-03-27,4
yukipi,hunter,2025-02-22,2026-03-13,10
yul,survivor,2024-03-16,2024-03-16,2
yuliigc92yt,hunter,2021-08-07,2021-08-07,2
yum,hunter,2026-03-05,2026-04-18,20
yumo,survivor,2024-07-14,2024-07-14,2
yun,hunter,2026-02-28,2026-03-15,5
yun(luv),survivor,2022-02-27,2022-02-27,1
yunan,hunter,2023-06-11,2024-03-30,28
yune,survivor,2022-08-19,2024-07-14,5
yuno,survivor,2021-06-12,2021-06-12,2
yunom,survivor,2021-11-27,2021-11-27,2
yunomaru,survivor,2021-11-14,2024-03-10,68
yunseong,survivor,2026-02-28,2026-02-28,2
yur,hunter,2026-02-27,2026-03-07,8
yush,survivor,2022-07-02,2024-09-01,39
yushtina,hunter,2025-03-01,2025-03-01,4
yuto,survivor,2020-08-16,2025-04-19,147
yutor1,survivor,2023-02-19,2023-02-26,2
yuu,hunter,2020-08-16,2022-12-11,44
yuuri,hunter,2022-12-03,2026-03-13,51
yuvagx,hunter,2022-07-30,2022-08-07,5
yuy,survivor,2023-03-04,2025-03-22,88
yuyu,survivor,2021-03-13,2021-03-14,9
yuzuponn,hunter,2026-03-07,2026-04-17,11
ywd,survivor,2022-03-19,2023-03-25,16
yx,survivor,2024-03-09,2024-03-09,4
yyang,survivor,2023-03-05,2023-03-25,10
yyk,survivor,2024-03-10,2024-08-09,29
yyttkx,survivor,2025-03-06,2025-03-08,5
z,survivor,2020-11-12,2022-03-26,26
z(naeu),survivor,2024-07-15,2025-02-23,12
zac,hunter,2024-07-14,2024-07-14,2
zafkiel,survivor,2020-09-05,2021-08-08,87
zamn,survivor,2024-07-14,2024-07-14,1
zb,survivor,2020-06-25,2023-03-25,164
zch,survivor,2024-07-27,2024-07-28,5
zcnsawa,survivor,2024-07-14,2024-07-14,2
ze1u,survivor,2023-02-18,2023-07-14,16
zed,both,2021-08-08,2023-08-27,38
zen,hunter,2022-07-02,2022-07-02,1
zenedine,survivor,2021-08-08,2021-08-15,6
zenith,survivor,2022-12-03,2022-12-03,2
zenowo,hunter,2021-03-06,2024-03-10,16
zenuwu,hunter,2023-02-24,2023-02-26,5
zephy,survivor,2023-06-24,2023-06-24,2
zephyr,survivor,2022-02-19,2022-02-19,3
zero9,survivor,2022-07-03,2022-07-10,7
zeroshi,survivor,2026-03-06,2026-03-21,11
zeular,survivor,2022-06-25,2024-03-16,8
zeus,hunter,2022-06-25,2022-06-25,2
zhakhan,survivor,2024-08-23,2024-08-23,1
zhan,hunter,2022-07-02,2024-03-09,7
zhankhan,survivor,2022-08-28,2022-08-28,1
zhaokan,survivor,2022-08-28,2022-08-28,2
zhaokhan,survivor,2020-10-02,2024-09-01,81
zhaokhan-yt,survivor,2021-08-08,2021-09-11,16
zhaokhan_yt,survivor,2021-08-15,2022-02-27,13
zhengkai,survivor,2023-07-08,2026-02-28,47
zhengkaiiii,survivor,2024-07-27,2024-07-28,8
zhengklai,survivor,2023-07-09,2023-07-09,1
zhengm,hunter,2021-12-19,2021-12-19,2
zher,hunter,2025-03-06,2025-03-08,3
zhuzi,survivor,2021-10-23,2022-05-02,33
zibi,survivor,2020-06-25,2024-11-09,564
ziro,survivor,2026-03-06,2026-05-05,34
zixigx,survivor,2022-08-07,2022-08-07,1
zizi,survivor,2025-05-31,2026-03-15,89
zizigx,survivor,2022-07-30,2022-08-07,12
zkai,survivor,2021-03-14,2023-04-17,45
zlin,survivor,2023-07-08,2023-07-08,2
zluvtheo,survivor,2023-07-29,2023-08-05,7
znan,hunter,2025-02-22,2025-02-22,1
znian,hunter,2026-03-08,2026-03-08,2
zooona,survivor,2020-08-14,2020-08-15,5
ztmiao,survivor,2026-03-06,2026-03-08,5
zuixian,survivor,2024-08-24,2024-09-01,13
zuu,survivor,2026-03-06,2026-03-14,10
zx,survivor,2024-07-27,2024-07-27,3
zy,survivor,2024-03-16,2024-03-16,2
zyan,survivor,2023-03-05,2025-05-01,46
zyj,survivor,2020-06-26,2023-08-26,526
zyuan,survivor,2026-02-28,2026-04-18,17
zyy,survivor,2022-06-24,2022-06-24,3
zz,survivor,2026-04-15,2026-04-15,2
zz9,hunter,2024-07-27,2026-05-01,159
zzai,survivor,2020-06-25,2022-07-24,311
zzzkai,survivor,2022-02-26,2022-02-27,6
zzzzz,hunter,2021-08-08,2021-09-05,11
"©alenda®",survivor,2021-11-14,2021-11-14,3
"〇〇~きな",survivor,2021-06-12,2021-06-12,1
"あほ毛",survivor,2020-08-07,2020-08-07,5
"い~ぶ~",survivor,2021-06-12,2021-06-12,3
"い​わ姉さん",hunter,2021-06-12,2021-06-12,2
"いでし@最翔推",hunter,2021-11-14,2021-11-14,1
"うぇる",hunter,2021-06-13,2021-06-13,1
"えむ",survivor,2021-11-14,2021-11-14,2
"えーじーだちょ",survivor,2021-11-13,2021-11-13,2
"おしるこ二世",survivor,2021-06-12,2021-06-12,1
"お茶さんyoutub",survivor,2021-06-12,2021-06-12,3
"お菓子なあぼろ",survivor,2021-11-14,2021-11-14,3
"かちゅう",hunter,2021-06-12,2021-06-12,2
"きんぐてゃ",survivor,2021-11-14,2021-11-14,2
"こっこー",survivor,2021-06-13,2021-06-13,1
"こゆきchan",survivor,2021-06-13,2021-06-13,3
"するめいか",hunter,2021-06-13,2021-06-13,1
"せうん",survivor,2021-11-14,2021-11-14,2
"だひょぽよ",survivor,2021-06-13,2021-06-13,3
"ちと",survivor,2021-11-13,2021-11-13,2
"でぃ　ば",survivor,2021-06-13,2021-06-13,2
"とりチーズパン",survivor,2021-11-13,2021-11-13,2
"ねっしー",survivor,2021-06-12,2021-06-12,2
"ぱぷぁ",hunter,2021-11-14,2021-11-14,1
"ふくふく@japan",survivor,2021-06-13,2021-06-13,3
"ぶんちゅう",survivor,2021-06-12,2021-06-12,2
"ぷる一みん",survivor,2020-08-08,2020-08-09,5
"まさかげ",hunter,2021-11-13,2021-11-13,1
"まつかす",survivor,2021-06-13,2021-06-13,1
"まふたま",survivor,2021-11-14,2021-11-14,2
"めんれらろいど",survivor,2021-06-13,2021-06-13,3
"ゆと",survivor,2021-06-13,2021-06-13,2
"れみのもの",hunter,2021-06-12,2021-06-12,1
"エダ・雌マー",survivor,2021-11-14,2021-11-14,2
"エリ粉@すピネ",survivor,2021-06-13,2021-06-13,2
"コルト",survivor,2020-08-15,2020-08-16,6
"シュゾー",survivor,2021-06-13,2021-11-14,5
"マクー",hunter,2020-08-15,2020-08-16,3
"ルイージ",survivor,2021-11-14,2021-11-14,3
"俺きてい",survivor,2021-06-13,2021-06-13,2
"偽333",survivor,2020-10-10,2020-10-24,6
"前世しらす",hunter,2021-11-14,2021-11-14,1
"天心",hunter,2021-03-21,2021-04-16,12
"小樱",survivor,2022-03-19,2022-04-03,2
"岡本サトシ:u",survivor,2021-11-14,2021-11-14,3
"岡本タケシ:u",survivor,2021-11-14,2021-11-14,3
"工工加减二世",survivor,2021-06-12,2021-06-12,3
"弃赛",hunter,2023-06-11,2023-06-11,4
"愛されダヒョニ",survivor,2021-11-13,2021-11-13,2
"改心した又さん",survivor,2021-11-13,2021-11-13,3
"林清",survivor,2021-03-21,2021-04-17,16
"椿氣",survivor,2021-06-12,2021-06-12,3
"求生者缺赛",hunter,2024-03-10,2024-03-10,3
"滾れdaccho",survivor,2021-06-13,2021-06-13,3
"箫箫",hunter,2021-03-21,2021-04-17,6
"簪葵",hunter,2021-11-13,2021-11-13,3
"純粋なむんてゃ",survivor,2021-06-12,2021-06-12,3
"紫の松本未来馆",hunter,2021-06-13,2021-06-13,1
"綾小路lサベ",survivor,2021-06-12,2021-06-12,1
"翔一丸5号",survivor,2021-06-13,2021-11-13,3
"脱いでまもる",survivor,2021-06-13,2021-06-13,2
"资料缺失",hunter,2021-06-12,2021-06-12,3
"赤いねじじ",hunter,2021-06-13,2021-06-13,2
"雅_karenic",survivor,2021-11-14,2021-11-14,3
"風のまか三郎",survivor,2021-11-14,2021-11-14,2
"食い逃げのん",survivor,2021-06-12,2021-06-12,3
"魔女banをban",hunter,2021-06-13,2021-06-13,2
"마이우루루루δ",hunter,2021-11-14,2021-11-14,2
