player_id,role,beta,n_games,first_seen,last_seen
jin,hunter,1.2219033110588353,179,2023-07-08,2026-05-05
mzk,hunter,1.1359578051198322,8,2026-02-28,2026-04-17
bailu,hunter,1.0387370915670346,156,2024-07-27,2026-05-05
sprintzer,hunter,1.0161302266254086,82,2021-02-28,2026-05-01
aka,hunter,0.8153411081688076,349,2020-08-07,2026-05-03
kakiri,hunter,0.7921613907769283,106,2025-04-11,2026-05-03
kurai,hunter,0.7791176727845521,21,2022-07-03,2026-04-18
ssibung,hunter,0.7725442051559626,12,2023-09-28,2026-03-01
peter,hunter,0.7240785077752269,137,2023-10-21,2026-05-01
narumi,hunter,0.6932746159966482,6,2026-02-28,2026-03-14
ppei,hunter,0.6168516771448911,317,2023-03-05,2026-05-05
daru,hunter,0.6051531080040451,14,2025-03-01,2026-02-28
heshen,hunter,0.5678782995336341,27,2024-04-14,2026-04-18
peko,hunter,0.5501678845272572,8,2025-03-01,2025-03-02
choai,hunter,0.519411067355032,415,2023-03-11,2026-05-01
alf,hunter,0.4444866020223973,226,2020-10-10,2026-05-03
dongx,hunter,0.40305634340808777,878,2020-06-26,2026-05-05
yum,hunter,0.39390030437512896,20,2026-03-05,2026-04-18
n1e,hunter,0.38872551087433066,301,2023-12-10,2026-05-02
qiu,hunter,0.38605075484784646,35,2025-06-06,2026-04-19
hasha,hunter,0.38244043107765674,338,2020-08-15,2026-05-02
pitstoper,hunter,0.37799944186588663,42,2023-02-19,2026-04-19
chikin,hunter,0.3740678757659299,163,2022-12-03,2025-12-07
alex,hunter,0.3724774280704545,517,2021-06-12,2025-05-02
superzhan,hunter,0.3651515846916112,1,2026-03-01,2026-03-01
littlie,hunter,0.36079281633149873,28,2025-03-07,2026-03-21
pito,hunter,0.3554555804557357,1,2023-07-08,2026-02-28
hamu,hunter,0.33981160535005545,10,2025-02-22,2025-03-07
wuye,hunter,0.33367716171758965,5,2023-07-08,2025-02-23
yushtina,hunter,0.31998081748877194,4,2025-03-01,2025-03-01
killerboss,hunter,0.30073429347083014,6,2025-02-23,2025-02-23
momoka,hunter,0.2742516783293054,12,2024-08-23,2026-03-08
mhxm,hunter,0.27250502402831045,110,2025-02-22,2026-03-21
zz9,hunter,0.2685086019143862,140,2024-07-27,2026-05-01
qingh,hunter,0.25705663560264425,11,2021-02-28,2026-03-02
trap,hunter,0.24569594204228684,6,2026-03-01,2026-04-17
xawm,hunter,0.2454023550135272,716,2020-06-27,2026-04-19
lingw,hunter,0.23586068185560666,2,2026-03-01,2026-03-01
pipicha,hunter,0.2305297938677504,106,2021-03-13,2026-05-02
elena,hunter,0.22587144156424463,9,2021-03-20,2025-03-08
burio,hunter,0.22076737756170495,225,2021-09-11,2026-03-14
yami,hunter,0.2205347759046006,83,2021-03-07,2026-04-17
neila,hunter,0.21539257283088542,4,2024-07-14,2026-03-02
jiala,hunter,0.20672770655957476,3,2024-08-24,2026-04-17
nonsept,hunter,0.19757789136589862,16,2026-03-05,2026-03-22
on,hunter,0.18112112597816943,6,2026-02-28,2026-03-01
kai,hunter,0.17334574569242261,4,2025-03-02,2025-03-02
guaguasin,hunter,0.17268822351992497,5,2025-02-22,2025-02-23
arisa,hunter,0.14562543694167246,1,2026-03-08,2026-03-08
hachi,hunter,0.13249944421620985,4,2024-07-27,2025-02-23
yeojin,hunter,0.13127632181434606,1,2026-02-28,2026-02-28
yukipi,hunter,0.13073766941655673,10,2025-02-22,2026-03-13
9u,hunter,0.12872443439400352,12,2025-03-06,2025-11-08
gyehwa,hunter,0.1151227634293588,3,2025-03-01,2025-03-01
kakaka,hunter,0.1123317731321387,163,2023-10-28,2026-05-03
fashi,hunter,0.1051018935835353,5,2025-02-22,2026-02-28
hetian,hunter,0.10436575285995595,17,2024-03-09,2025-04-19
7luo,hunter,0.10407181418820349,4,2023-02-17,2025-02-22
ryz,hunter,0.10211221129840971,143,2021-11-13,2024-12-22
kasume,hunter,0.10026185680087736,1,2025-03-01,2025-03-01
janedoe,hunter,0.09965755995734234,1,2025-03-01,2025-03-01
in3,hunter,0.09960395384489576,1,2025-03-01,2025-03-01
repa,hunter,0.09832229047584506,20,2023-02-25,2026-03-01
sheep,hunter,0.09515284460932828,1,2023-07-08,2025-02-22
hamuchan,hunter,0.08905436388515733,3,2022-12-03,2026-03-07
ling,hunter,0.07922584727464492,17,2022-02-20,2025-03-09
muxin,hunter,0.06469874299288472,24,2022-02-19,2026-03-01
xingye,hunter,0.060634569420318314,2,2026-03-08,2026-03-15
mkmldy,hunter,0.04689886406933399,90,2024-03-09,2026-05-01
haruka,hunter,0.04593437051071238,8,2020-08-07,2024-03-10
binbin,hunter,0.045847411439043924,1,2025-04-11,2025-04-11
kagome,hunter,0.04423440318788658,13,2021-06-19,2025-03-22
irohas,hunter,0.03674179786220348,5,2025-02-22,2025-03-02
sneaky,hunter,0.031063838327840532,13,2022-02-26,2023-09-28
dream,hunter,0.0277269465906731,13,2021-03-14,2024-04-21
godjay,hunter,0.026426869399227206,25,2020-10-03,2026-03-08
peachgn,hunter,0.026184993338732813,1,2024-03-17,2024-03-17
crimson,hunter,0.026140269040316556,1,2024-03-09,2024-03-09
mark,hunter,0.024479257063983455,2,2025-03-01,2025-03-01
lb,hunter,0.024206055174754548,7,2021-08-08,2026-03-08
tyun,hunter,0.020142499458979883,2,2024-03-16,2024-07-20
xiaog,hunter,0.019076535559384253,2,2024-03-09,2024-03-10
yoin,hunter,0.018505672461229836,2,2025-02-22,2025-02-23
heno,hunter,0.013593757878436004,1,2024-03-16,2024-03-16
muhyo,hunter,0.012633437054447211,5,2023-07-08,2024-03-10
p1um,hunter,0.012228020003684071,4,2023-02-18,2023-02-19
mai,hunter,0.010251039165391761,2,2025-03-07,2025-03-09
turkeybily,hunter,0.009497997683056316,2,2025-02-22,2025-02-22
yochi,hunter,0.0080236736836812,5,2022-07-02,2023-07-08
hoya,hunter,0.007879488724780925,3,2023-02-24,2023-02-24
santidevil,hunter,0.0072827143207109275,2,2024-03-16,2024-07-15
bin,hunter,0.006869750081740327,2,2024-03-09,2024-07-27
zenowo,hunter,0.006469649109966643,9,2021-03-06,2024-03-10
chiji,hunter,0.00620399559821806,1,2023-02-25,2023-02-25
sito,hunter,0.005447349027659506,4,2024-03-09,2024-03-10
surume,hunter,0.005064279476924411,6,2021-06-20,2022-08-26
siesta,hunter,0.004832205460816679,2,2023-02-24,2023-02-24
kkangtae,hunter,0.004735069893280458,6,2023-02-17,2023-06-25
potterzzz,hunter,0.00468841192100755,2,2022-08-20,2023-02-26
seres,hunter,0.004551377022007706,2,2023-02-18,2023-02-18
end,hunter,0.0040155534721016,8,2022-07-03,2025-02-22
nanami,hunter,0.003964309072918481,3,2022-02-26,2023-02-25
ukg,hunter,0.0038415478179528095,10,2021-03-13,2022-10-02
zenuwu,hunter,0.0030136146951110897,5,2023-02-24,2023-02-26
yasu,hunter,0.0024093955138638126,6,2022-02-26,2022-02-27
tofu,hunter,0.0022768452036272405,2,2022-02-19,2024-08-30
karyl,hunter,0.0018900080978241016,9,2022-02-25,2022-08-21
senky,hunter,0.001569681472973915,1,2022-02-27,2022-02-27
freddy,hunter,0.0015694373946437872,6,2026-03-06,2026-03-21
lan,hunter,0.0014334085390697853,2,2022-03-20,2022-03-27
zhengm,hunter,0.0012030601537037424,2,2021-12-19,2021-12-19
ivory,hunter,0.0011321622217328672,10,2020-08-07,2024-05-04
ken,hunter,0.001123896834160396,135,2020-06-25,2021-08-29
72s,hunter,0.0010995454751702377,4,2020-10-02,2022-02-25
mayu,hunter,0.0008432247504595743,2,2021-03-13,2021-03-13
shi,hunter,0.0008148928220148668,10,2020-10-02,2021-09-12
nagato,hunter,0.000807288139580364,3,2022-02-26,2022-02-26
daegun,hunter,0.0008040332410541958,3,2022-02-20,2022-02-20
yollo,hunter,0.0008009821204712605,3,2022-02-19,2022-02-19
magu,hunter,0.0005344609096013805,6,2021-03-06,2021-11-14
superq,hunter,0.0004269731534731861,4,2021-03-14,2021-03-14
taku,hunter,0.0002659982805963214,5,2021-03-05,2021-07-04
kaeru(kp),hunter,0.00026192819598126917,1,2021-03-05,2021-03-05
ayi,hunter,0.0002144003036097525,3,2021-03-13,2021-03-13
you0,hunter,0.0002132667013101725,3,2021-03-13,2026-03-01
source,hunter,0.0002092573360887657,10,2021-03-21,2021-04-17
mian,hunter,0.0001390218826690672,1,2020-11-19,2020-11-19
musan,hunter,7.441160168458654e-05,2,2020-10-11,2022-03-06
jihyun,hunter,4.616331936598299e-05,8,2021-02-26,2021-02-27
k1li2,hunter,7.310320394214831e-06,2,2021-02-27,2021-02-27
ares,hunter,6.1598400807590385e-06,2,2020-10-02,2021-03-07
sinto,hunter,5.618496348385889e-06,2,2021-03-13,2022-07-31
beloin,hunter,-9.675629709129462e-05,1,2021-03-06,2022-08-26
wh2t3zz,hunter,-9.899381191388892e-05,1,2021-03-06,2021-03-06
mone,hunter,-0.00011695161750599233,4,2020-08-14,2026-03-14
akn,hunter,-0.00019726640895936911,2,2021-03-13,2021-03-13
r1haku,hunter,-0.00020118017210362307,6,2022-02-19,2023-02-17
yes,hunter,-0.00025220847955752197,7,2021-03-20,2021-03-28
goated,hunter,-0.0003685360083283104,1,2022-02-20,2022-02-20
marco,hunter,-0.00038558560101624467,2,2024-07-20,2025-03-01
crazy,hunter,-0.00038594394227700493,8,2020-09-13,2021-05-01
ytea,hunter,-0.0004363792225672066,2,2021-03-05,2021-03-07
hgw,hunter,-0.0004706467161851274,2,2022-03-26,2022-04-03
duke,hunter,-0.00047600963132213173,1,2021-02-27,2021-02-27
penmochi,hunter,-0.00047890433839021905,3,2021-03-06,2021-03-06
pygmalion,hunter,-0.0004798552974995717,2,2021-03-21,2021-03-21
dinzuzn,hunter,-0.0004888090413958496,1,2021-03-06,2021-03-06
ialian,hunter,-0.0005266267318215014,2,2021-02-28,2021-02-28
箫箫,hunter,-0.0005578678210809982,6,2021-03-21,2021-04-17
wcy,hunter,-0.0006252044356739474,3,2021-04-11,2021-04-16
yotsu,hunter,-0.0006388182271681157,4,2020-08-15,2021-03-13
babaolan,hunter,-0.000691155853597807,3,2021-03-27,2021-03-28
guree,hunter,-0.0007010006943144369,2,2021-09-12,2022-02-20
kotul,hunter,-0.0007650825177443258,2,2021-02-26,2021-02-26
walmart,hunter,-0.0008843917893967744,3,2022-02-19,2022-02-19
saveagecat,hunter,-0.0008859239950966398,2,2021-03-07,2021-03-07
天心,hunter,-0.0009003593081648109,12,2021-03-21,2021-04-16
sasa,hunter,-0.0009521251371893404,4,2020-11-07,2020-11-25
oub,hunter,-0.0009717789742875147,11,2024-03-09,2024-03-30
lark,hunter,-0.0010603138618696325,3,2021-03-21,2021-03-27
morningstar,hunter,-0.0010669177856882147,3,2022-02-20,2022-02-20
iwane,hunter,-0.0011282365211448633,3,2022-02-26,2022-08-21
prushka,hunter,-0.001375569593279841,3,2023-02-25,2023-02-25
promeh,hunter,-0.0014084465600734503,6,2022-02-20,2022-02-21
nyo,hunter,-0.0014621749688448556,1,2023-02-17,2023-02-17
allforone,hunter,-0.0014922329334759476,1,2022-02-19,2022-02-19
edu,hunter,-0.001497607312115438,1,2022-02-20,2022-02-20
mine,hunter,-0.0015186282344222383,1,2023-02-18,2023-02-18
xfy,hunter,-0.0016243425756879341,5,2021-03-27,2021-04-16
ragineko,hunter,-0.0017034943349786569,4,2022-03-05,2022-03-11
xrr,hunter,-0.0017545538313774312,17,2020-11-04,2021-04-17
nobara,hunter,-0.0018950484017293502,2,2022-02-19,2022-07-30
frag,hunter,-0.0019090414625762494,2,2022-02-25,2022-02-27
demi,hunter,-0.001957312809479749,4,2021-11-13,2023-07-09
luxii,hunter,-0.001959463437314042,2,2022-02-25,2022-02-25
daegum,hunter,-0.0022236692498552664,2,2022-02-20,2022-02-20
dark,hunter,-0.002287541670537682,5,2020-10-09,2022-02-27
kuaji,hunter,-0.0023822819412072905,22,2020-07-17,2021-03-27
taryo,hunter,-0.0027095245468284233,10,2021-03-13,2023-02-26
toulang,hunter,-0.002777144394930908,2,2023-02-18,2024-07-20
nekobebi,hunter,-0.0029430414506459784,2,2023-02-17,2023-02-17
kurowa,hunter,-0.002944956013491834,2,2023-02-18,2023-02-18
thelast,hunter,-0.0029607784351655224,3,2021-05-02,2024-08-25
ialien,hunter,-0.0029835336169392675,2,2022-02-19,2022-02-19
neet,hunter,-0.003021928060102335,2,2023-02-25,2023-02-25
zed,hunter,-0.0030553511535162544,2,2021-08-08,2023-08-27
ke,hunter,-0.0031629063258738484,12,2021-03-13,2022-07-10
tonkatsu,hunter,-0.003359173619392175,2,2022-02-20,2024-07-15
jio,hunter,-0.0033835972197395103,2,2022-03-20,2022-04-04
hibiyan,hunter,-0.003480694762992652,5,2020-08-08,2022-02-19
seiychu,hunter,-0.0037783226325923155,7,2021-08-07,2023-07-30
papua,hunter,-0.003922229229412668,7,2022-02-19,2022-04-30
7777777,hunter,-0.004044830653739417,4,2022-03-20,2022-04-04
ram,hunter,-0.00412206829348885,2,2021-03-06,2023-02-19
xuan,hunter,-0.004148680886370866,3,2021-10-22,2024-07-14
natuki,hunter,-0.004406744149783135,5,2023-02-19,2024-03-10
fafa,hunter,-0.0050508872799468205,3,2022-06-24,2023-02-18
ppxia,hunter,-0.0055736951221883645,139,2020-06-25,2026-04-19
kuga,hunter,-0.00573700653888303,9,2022-08-19,2026-03-08
xice,hunter,-0.005762731085457697,4,2022-03-19,2022-03-27
wolf,hunter,-0.005919823911367256,3,2021-10-29,2022-07-23
ynight33,hunter,-0.006029581495317875,1,2023-02-18,2023-02-18
luoxuan,hunter,-0.006059074285003069,1,2023-02-24,2023-02-24
purinp,hunter,-0.006069694578591943,1,2023-02-24,2023-02-24
xiaoyu,hunter,-0.006162772359620534,6,2023-03-04,2023-03-12
silk,hunter,-0.006193183248326188,7,2020-08-14,2022-05-03
xj,hunter,-0.006277546150463233,2,2022-08-07,2022-08-07
ynight,hunter,-0.0066089791358024084,1,2024-03-17,2024-03-17
liu,hunter,-0.006645308229657176,5,2022-03-19,2022-03-27
yun,hunter,-0.006708505982455591,5,2026-02-28,2026-03-15
mozuku,hunter,-0.0068485989440855875,3,2022-07-30,2022-08-21
amu,hunter,-0.006989264271524277,2,2022-07-03,2023-02-26
maitake,hunter,-0.007053741957807672,6,2021-06-13,2022-07-31
tong,hunter,-0.007200932370375448,4,2022-03-20,2022-03-27
mcneko,hunter,-0.007347898744490659,2,2023-02-18,2023-02-26
dweeb,hunter,-0.007378621306352186,1,2023-02-17,2023-02-17
ujo,hunter,-0.007483498171388446,7,2022-03-19,2022-04-03
raccoon,hunter,-0.0077997347820286805,3,2023-02-17,2024-03-17
mmq,hunter,-0.008041683221119882,3,2024-03-09,2024-03-17
dreamer,hunter,-0.008062740987587374,1,2022-06-25,2024-03-16
bashi,hunter,-0.008068176979430573,5,2020-08-07,2022-03-11
elysia,hunter,-0.00810402508115359,2,2023-02-17,2023-02-17
mbing,hunter,-0.008736638131631865,2,2022-12-04,2022-12-04
lxue,hunter,-0.008749817394168767,1,2024-03-17,2025-02-22
fmaruko,hunter,-0.008919968157510458,21,2023-10-13,2025-03-09
loki,hunter,-0.009065755378109329,4,2023-02-18,2024-03-16
yinl,hunter,-0.009080953956439246,5,2022-03-20,2025-04-18
darkowo,hunter,-0.009211867355058684,5,2022-04-19,2022-04-20
yanasa,hunter,-0.009230319271938632,7,2020-08-09,2024-03-15
d,hunter,-0.00937086630256573,464,2020-06-26,2026-03-15
tvtear,hunter,-0.009398149779230588,2,2026-03-06,2026-03-08
gy,hunter,-0.0094680000930493,21,2021-03-20,2021-12-12
tx,hunter,-0.009587875341226959,54,2020-11-05,2025-05-04
jue,hunter,-0.009863335714964894,79,2020-06-25,2021-04-18
choco,hunter,-0.009946757742820557,3,2023-02-18,2026-03-13
lenioii,hunter,-0.01180362132777424,2,2024-03-09,2024-03-09
leaf,hunter,-0.012118312146483188,4,2022-03-27,2026-03-21
sobin,hunter,-0.012234769803699034,2,2024-03-17,2024-03-17
sixhua,hunter,-0.012476243987412549,2,2024-03-09,2024-03-09
xiaoq,hunter,-0.012578710837514157,2,2024-03-10,2024-03-10
tsubachi,hunter,-0.012675034035235865,2,2022-12-03,2024-03-15
romi,hunter,-0.013131023173389633,2,2023-09-28,2024-07-21
xchen,hunter,-0.014490961328611586,3,2023-03-12,2023-03-12
odeop,hunter,-0.01607919269354235,8,2024-03-16,2025-03-02
precor,hunter,-0.01804977884220156,3,2023-02-25,2023-02-26
nonino,hunter,-0.018533618233495915,47,2020-08-16,2022-08-26
znan,hunter,-0.020078322610152716,1,2025-02-22,2025-02-22
irin,hunter,-0.0203091142156016,2,2025-02-22,2025-02-22
jiu9,hunter,-0.021531167062453678,49,2020-07-03,2021-12-19
ryun,hunter,-0.02243400738064521,19,2023-02-24,2023-04-17
moonlight,hunter,-0.023213462230702215,1,2026-03-07,2026-03-07
napjune,hunter,-0.02464930389523496,1,2025-03-01,2025-03-01
ideshi,hunter,-0.02515601016967199,18,2022-07-31,2023-02-19
rata,hunter,-0.026411876973814953,8,2022-07-30,2023-03-05
anakin,hunter,-0.026538061057651306,1,2024-03-16,2024-03-16
wlmy,hunter,-0.026565279728540645,4,2023-03-04,2023-03-12
noah,hunter,-0.027440776244813007,2,2026-02-28,2026-02-28
afu,hunter,-0.028322939353795987,259,2020-06-25,2023-02-24
stnk,hunter,-0.028992804074639028,19,2023-02-25,2024-07-28
mikogw,hunter,-0.031660549258338375,9,2023-03-04,2023-03-25
01499,hunter,-0.03166434200265327,1,2024-03-09,2024-03-09
yuu,hunter,-0.03193806764517135,28,2020-08-16,2022-12-11
warot1,hunter,-0.03233350978560962,3,2023-02-19,2024-03-10
nene,hunter,-0.032524157961774235,2,2024-03-16,2024-03-16
brontal,hunter,-0.0331103445876,159,2022-07-30,2026-03-14
ukj,hunter,-0.036709162266665825,2,2024-04-13,2024-04-21
zhan,hunter,-0.03938504570602377,3,2022-07-02,2024-03-09
yukakina,hunter,-0.03989783487956641,193,2022-07-02,2026-03-15
shibata,hunter,-0.04208123653836103,3,2024-03-09,2024-03-09
vanpyi,hunter,-0.04506670517040642,42,2020-08-08,2023-04-14
chz,hunter,-0.045343566170768915,99,2020-06-25,2022-10-06
cxx,hunter,-0.04624816948887136,8,2025-03-07,2025-03-22
alcaraz,hunter,-0.04752911400298484,2,2025-02-22,2025-02-22
phamlam,hunter,-0.047922279874670355,2,2025-03-01,2025-03-01
nico,hunter,-0.05129910526809821,16,2022-07-30,2023-04-16
musk,hunter,-0.052100457818380415,16,2023-03-04,2024-10-26
sea,hunter,-0.05362998923706325,1,2026-03-22,2026-03-22
miaopai,hunter,-0.0563973456137139,34,2023-02-25,2026-04-18
vuiton,hunter,-0.05851706538165428,7,2026-02-28,2026-04-12
hun,hunter,-0.05902535285802621,3,2026-02-28,2026-03-01
metal,hunter,-0.06378242990940412,24,2021-02-26,2023-07-16
xc,hunter,-0.06639667706325954,615,2020-06-26,2025-09-11
sese,hunter,-0.06997796277098964,88,2020-06-26,2022-10-30
s1en,hunter,-0.07031570404390598,2,2025-03-01,2025-03-01
rabbit,hunter,-0.07121378187643274,23,2022-10-23,2023-08-04
sleepy,hunter,-0.07289964556592457,10,2023-06-10,2023-07-01
intel,hunter,-0.07291829525315352,4,2025-02-22,2025-03-01
amam,hunter,-0.08032886040566665,4,2024-03-01,2024-03-10
jxy,hunter,-0.08554011882151312,16,2024-03-10,2024-03-31
eguite,hunter,-0.08975686904690583,6,2023-02-25,2024-03-15
snow,hunter,-0.09324644242082916,1,2025-03-08,2025-03-08
zher,hunter,-0.09324644242082916,1,2025-03-06,2025-03-08
superrich,hunter,-0.09541119679910896,186,2021-06-19,2023-12-29
silia,hunter,-0.09778400357336454,97,2020-08-15,2023-04-17
aelong,hunter,-0.09892001220271893,1,2025-03-01,2025-03-01
myoonn,hunter,-0.098964635415932,1,2025-03-01,2025-03-01
fafaaa,hunter,-0.10859206806852507,1,2026-03-02,2026-03-02
ghostly,hunter,-0.10859206806852507,1,2026-03-02,2026-03-02
mollyf,hunter,-0.10908580568990904,19,2023-02-19,2025-03-07
yunan,hunter,-0.11001622348985438,27,2023-06-11,2024-03-30
seven,hunter,-0.11735956406393978,16,2023-02-25,2025-03-08
kira,hunter,-0.1219753340187611,4,2024-03-09,2024-03-17
ssa,hunter,-0.12224314243118206,11,2025-11-14,2026-03-21
yours9,hunter,-0.1265798577469797,1,2025-03-07,2025-03-07
ppx,hunter,-0.1286945801057106,345,2020-06-25,2024-03-30
shota,hunter,-0.13589464509585802,64,2020-08-07,2023-12-22
moru,hunter,-0.1393624216819179,13,2021-03-06,2025-03-01
said,hunter,-0.14087776506382832,2,2025-02-22,2026-03-01
kaloper,hunter,-0.14278928946883374,5,2026-02-28,2026-03-01
znian,hunter,-0.1447585238130376,2,2026-03-08,2026-03-08
latty,hunter,-0.148178226335467,102,2021-02-26,2026-03-14
flowsovo,hunter,-0.15003812641013925,2,2026-03-08,2026-03-14
braveman,hunter,-0.15111961497267154,6,2023-03-12,2025-03-22
mlx,hunter,-0.16415071817971438,3,2024-08-11,2025-08-09
nana,hunter,-0.1642733496802264,4,2020-10-11,2026-03-13
kruger,hunter,-0.1645845661076316,53,2022-12-03,2024-03-17
granny,hunter,-0.170366303330573,5,2026-03-01,2026-04-17
taytien,hunter,-0.1717535965123069,2,2023-07-29,2026-03-07
shao,hunter,-0.17370179637469346,17,2022-02-25,2025-02-23
wu,hunter,-0.17847990488455828,19,2024-11-16,2025-03-15
insomnia,hunter,-0.18032067641826788,2,2024-03-09,2026-03-01
tzym,hunter,-0.18127296667148593,123,2024-03-09,2025-11-22
lxy,hunter,-0.18171953776477195,20,2021-03-21,2024-07-13
typepost,hunter,-0.1866705541915002,4,2025-03-01,2025-03-02
k,hunter,-0.19036904166822882,2,2021-11-13,2026-03-02
ymm,hunter,-0.19510298097876666,265,2020-06-26,2023-08-13
night,hunter,-0.20321412974566838,32,2022-02-25,2024-07-14
irohasu,hunter,-0.20398374959799828,66,2024-03-02,2026-03-15
senq,hunter,-0.2104050585146354,3,2026-02-28,2026-02-28
rose,hunter,-0.21719259752270925,91,2021-03-06,2026-03-07
wlizi,hunter,-0.22269011373671757,19,2024-07-21,2025-09-12
anyi,hunter,-0.23060013803630816,164,2021-08-06,2023-10-22
bcren,hunter,-0.23166057141312818,10,2024-03-09,2025-03-01
lemuel,hunter,-0.2382807055901137,5,2026-03-01,2026-03-01
yue,hunter,-0.24397729504100124,479,2020-06-25,2024-03-30
hu,hunter,-0.2599073773787428,2,2026-03-05,2026-03-07
miraik,hunter,-0.26894331142565786,134,2021-03-07,2025-03-09
suda,hunter,-0.278192175485465,47,2024-11-17,2026-01-02
yeyv,hunter,-0.2871439406488214,61,2022-07-29,2025-11-16
yan,hunter,-0.29613568982267013,457,2020-06-27,2025-11-23
siyu,hunter,-0.30342330474077867,5,2025-04-15,2026-03-07
bo1,hunter,-0.33070864585614257,131,2020-11-12,2025-06-29
mitaka,hunter,-0.34778286989865714,19,2024-10-11,2024-11-16
airin,hunter,-0.3489554992395784,2,2023-02-24,2026-02-28
ali,hunter,-0.34984105536261845,66,2023-03-12,2025-11-28
chillbot,hunter,-0.36165671954725165,2,2026-02-28,2026-02-28
elect,hunter,-0.39166813243039006,3,2026-03-07,2026-03-07
dux,hunter,-0.39704824201998073,1,2026-03-08,2026-03-08
kxwz,hunter,-0.42547026600173,5,2024-03-17,2026-03-01
saltysand,hunter,-0.4292168024520897,2,2026-02-28,2026-03-01
nighty,hunter,-0.4469103669201635,8,2026-03-06,2026-03-21
auchan,hunter,-0.49853117554079157,6,2026-02-27,2026-03-07
sukiyaki,hunter,-0.5094546001679716,1,2026-03-08,2026-03-08
buri,hunter,-0.5366208020525358,8,2026-02-28,2026-03-13
xyang,hunter,-0.5656103365223543,4,2025-09-11,2026-03-13
kotami,hunter,-0.6089212527193603,45,2021-09-11,2026-03-15
esmero,hunter,-0.618221247432934,2,2026-02-28,2026-02-28
baby,hunter,-0.6305290003924636,5,2026-03-05,2026-03-07
yuzuponn,hunter,-0.675042924053248,11,2026-03-07,2026-04-17
mz,hunter,-0.6764648457691822,8,2023-09-28,2025-04-20
fengc,hunter,-0.7249691335767111,5,2026-03-07,2026-03-07
eley,hunter,-0.7525117402798176,6,2026-03-06,2026-03-08
m1take,hunter,-0.7619402211438688,34,2023-02-18,2025-07-13
yuuri,hunter,-0.791993799733359,50,2022-12-03,2026-03-13
yur,hunter,-0.8222292523877507,8,2026-02-27,2026-03-07
jelly,survivor,0.8441700495779528,801,2020-06-25,2026-05-01
xiaox,survivor,0.8324143019720674,288,2021-03-21,2026-05-05
lconfid,survivor,0.7943384882543436,105,2025-05-01,2026-05-05
487,survivor,0.7684001443538715,845,2020-06-25,2025-11-29
xiaod,survivor,0.7342570243602352,814,2020-06-26,2026-05-05
xmx,survivor,0.7139722765492686,341,2023-11-17,2026-05-01
huac,survivor,0.7124686971281065,510,2022-06-03,2026-05-05
nanako,survivor,0.70445696287187,507,2021-03-21,2026-05-05
xmiao5,survivor,0.6945575749705162,224,2023-10-26,2026-05-01
sans,survivor,0.6418049444152978,660,2020-06-25,2026-05-05
kznk,survivor,0.6410313206850053,439,2021-05-01,2026-05-01
dolisu,survivor,0.6389314353055741,435,2021-05-01,2026-05-01
ak,survivor,0.6360580291770037,858,2020-06-25,2026-05-05
sinami,survivor,0.6320959655854039,476,2020-08-14,2026-05-01
yuan,survivor,0.6309460782592787,107,2024-03-10,2026-05-05
eleven,survivor,0.611250912628359,321,2022-03-20,2026-05-01
hametu,survivor,0.5868593901448869,319,2023-06-10,2026-05-01
xen,survivor,0.5536464747338176,510,2021-03-21,2026-05-01
ac,survivor,0.5527966291449762,496,2022-03-19,2026-05-05
koting,survivor,0.5271161127747379,155,2025-03-06,2026-05-02
czai,survivor,0.5246734961524111,588,2020-11-05,2026-03-21
heart,survivor,0.5091868704844105,669,2021-03-20,2026-01-03
monop,survivor,0.48561218105195025,340,2021-09-24,2026-05-03
libao,survivor,0.48122401162064066,579,2021-03-21,2026-05-05
nameko,survivor,0.4789500890756879,278,2022-12-03,2025-12-19
huiyi,survivor,0.47238176273703975,850,2020-06-26,2026-05-02
pendk,survivor,0.4723423822197615,14,2026-02-27,2026-03-15
xy,survivor,0.4703991370512374,260,2023-10-15,2026-05-01
nyan,survivor,0.4530869260628349,450,2021-03-07,2026-05-03
atto,survivor,0.44672306019622476,421,2020-08-08,2026-05-03
stian,survivor,0.4372090710598872,202,2020-12-12,2026-05-05
unpyi,survivor,0.4352529879822932,337,2020-10-10,2026-05-03
tian,survivor,0.41804067122348304,82,2025-10-02,2026-05-01
kucao,survivor,0.40754320807033406,890,2020-06-25,2026-04-19
guoker,survivor,0.4073120140346859,238,2023-07-08,2026-05-02
18,survivor,0.40530293189125344,747,2021-06-12,2026-04-19
mone,survivor,0.404711028148928,386,2020-08-14,2026-03-14
persica,survivor,0.37095444846513137,307,2024-06-09,2026-05-02
soar,survivor,0.3703224162492722,443,2020-08-14,2026-03-14
soba,survivor,0.35242265718176563,490,2020-08-15,2026-05-03
xingchen,survivor,0.3497947558209548,275,2022-03-20,2026-04-18
silverzhi,survivor,0.33017275491933434,430,2022-10-05,2026-03-21
nan,survivor,0.3285947463234891,418,2022-10-22,2025-12-11
ppxia,survivor,0.3258858754268262,577,2020-06-25,2026-04-19
terad,survivor,0.30159255668016727,12,2026-02-27,2026-03-15
ppz,survivor,0.28059479485797634,154,2022-10-28,2026-04-19
maom,survivor,0.2794893859328016,599,2021-03-21,2026-05-05
dking,survivor,0.2762081277908071,274,2021-03-21,2025-08-24
gnk,survivor,0.2730640862037826,260,2021-11-13,2026-03-14
raolie,survivor,0.27285499924663054,371,2020-08-08,2025-12-21
drop,survivor,0.2713987303401151,503,2020-11-14,2026-05-05
city,survivor,0.26604272506440246,475,2020-08-07,2026-05-03
vivian,survivor,0.255983872731081,4,2026-03-07,2026-03-07
nagi,survivor,0.25044485328259997,6,2026-02-28,2026-03-01
xiaochu,survivor,0.25044485328259997,6,2026-02-28,2026-03-01
tmasa,survivor,0.2503398719239447,92,2025-02-22,2026-05-02
chen,survivor,0.24727111196330895,297,2023-06-23,2026-03-21
pindy,survivor,0.2365057990452184,12,2025-02-22,2026-03-01
lancelot,survivor,0.22487403731831618,78,2025-07-18,2026-03-15
iron,survivor,0.22319887667227908,602,2020-06-25,2025-08-23
tx,survivor,0.2135503913701041,461,2020-11-05,2025-05-04
zizi,survivor,0.19351320218393203,89,2025-05-31,2026-03-15
takoyaki,survivor,0.1864379468570497,341,2020-08-16,2026-03-14
ycl,survivor,0.18213676892659003,24,2026-03-05,2026-04-18
yomi1,survivor,0.17938826808658143,47,2025-10-25,2026-03-15
banche,survivor,0.1787502416590676,8,2026-03-05,2026-03-22
guagua,survivor,0.1764038840205112,44,2024-03-10,2026-03-21
lin,survivor,0.16569237670798512,150,2024-10-04,2026-05-05
weather,survivor,0.16319983877211475,15,2025-12-31,2026-01-02
lingyun,survivor,0.16232111702419186,45,2025-06-07,2026-04-18
fuku,survivor,0.15705015092243535,81,2020-10-16,2026-05-03
maeken,survivor,0.1566659262636985,355,2020-08-16,2026-05-02
takakou,survivor,0.1488445067955715,288,2020-08-08,2026-05-03
zibi,survivor,0.14843784142854066,564,2020-06-25,2024-11-09
avodoca,survivor,0.14690314244164437,3,2026-02-28,2026-03-01
citie,survivor,0.133705554419765,34,2026-03-06,2026-05-05
ziro,survivor,0.133705554419765,34,2026-03-06,2026-05-05
emmko,survivor,0.12605539304278385,225,2024-03-02,2026-03-15
moririn,survivor,0.12523289322019068,108,2024-03-02,2026-05-02
fulan,survivor,0.11876751533341612,255,2023-03-04,2025-03-06
tarako,survivor,0.11871592013875366,130,2023-02-25,2026-03-14
min,survivor,0.11812221537165293,2,2026-02-28,2026-02-28
regesi,survivor,0.11513539046717236,212,2023-03-04,2024-08-24
tuna,survivor,0.10976112335720209,284,2020-08-14,2025-12-21
pinota,survivor,0.10954890553572542,115,2021-06-18,2026-03-01
aez,survivor,0.10810916541919283,315,2022-07-30,2026-03-15
kaeru,survivor,0.107860482877727,232,2021-11-14,2025-04-19
nerisu,survivor,0.10525821290055977,304,2022-12-03,2026-03-14
ivory,survivor,0.10496313420451306,204,2020-08-07,2024-05-04
cheonma,survivor,0.10175420306769668,5,2026-02-28,2026-03-01
hiz,survivor,0.10175420306769668,5,2026-02-28,2026-03-01
huahua,survivor,0.10007001725779395,312,2022-03-19,2024-10-05
red,survivor,0.09722156638736132,74,2025-03-06,2026-01-03
shadow,survivor,0.09086216526193118,272,2021-06-12,2023-05-03
potato,survivor,0.08860580320504734,23,2022-08-19,2026-03-07
kat,survivor,0.08790155589994189,237,2020-08-08,2026-05-02
yougg,survivor,0.08531302734906158,214,2021-06-12,2025-03-08
joy,survivor,0.07958769895624247,11,2026-03-06,2026-03-21
lcx,survivor,0.07958769895624247,11,2026-03-06,2026-03-21
leaf,survivor,0.07958769895624247,11,2022-03-27,2026-03-21
zeroshi,survivor,0.07958769895624247,11,2026-03-06,2026-03-21
marimo,survivor,0.07643071211687459,15,2026-02-28,2026-03-14
clover,survivor,0.07582225603720978,50,2025-03-06,2026-04-18
batoru,survivor,0.07456093407241236,200,2022-12-03,2026-03-15
06sy,survivor,0.0738280696392916,5,2026-03-07,2026-03-07
mk,survivor,0.0702793091947109,430,2020-06-25,2023-05-01
leil,survivor,0.0664584596350539,156,2024-03-09,2026-03-21
zyj,survivor,0.06225525278353557,498,2020-06-26,2023-08-26
lim,survivor,0.058818459674376385,122,2020-08-07,2023-12-02
banban,survivor,0.05831770565185917,129,2021-11-13,2024-04-21
jellx,survivor,0.05750628272367074,17,2022-12-03,2026-03-14
wasabi,survivor,0.056605263693748464,7,2026-02-28,2026-03-01
choco,survivor,0.053229035121331265,12,2023-02-18,2026-03-13
neco,survivor,0.053229035121331265,12,2026-02-28,2026-03-13
prpr,survivor,0.053229035121331265,12,2026-02-28,2026-03-13
yabbeeyo,survivor,0.053229035121331265,12,2026-02-28,2026-03-13
mz,survivor,0.052906102465424897,8,2023-09-28,2025-04-20
cy,survivor,0.051042254402646765,56,2022-07-03,2025-04-18
nlkuq,survivor,0.04884044120675169,7,2026-02-28,2026-03-14
zuu,survivor,0.04825301124070336,10,2026-03-06,2026-03-14
sxy,survivor,0.048024115559837176,587,2020-06-25,2025-03-22
ming,survivor,0.04688706292973731,313,2020-11-04,2023-01-02
juda,survivor,0.046200177960225935,79,2020-08-15,2024-04-20
neru,survivor,0.0451112990506607,34,2021-03-06,2026-03-08
pyone,survivor,0.04311200467165668,127,2021-03-05,2023-04-17
kesy,survivor,0.03934646759555129,21,2025-03-06,2025-08-02
al6oster,survivor,0.03589525903032999,2,2026-02-28,2026-02-28
long,survivor,0.03521305026415189,733,2020-06-25,2025-12-31
yc,survivor,0.03492597048375199,4,2025-02-22,2025-02-23
unicorn,survivor,0.03468120546013683,133,2025-03-06,2026-03-21
xiaoy,survivor,0.032496926073545554,19,2026-03-05,2026-03-22
godjay,survivor,0.03230895112136786,6,2020-10-03,2026-03-08
alphar,survivor,0.030477220651474225,113,2021-09-11,2023-07-15
lofi,survivor,0.03022434077729093,26,2022-02-25,2026-02-28
qingq,survivor,0.03005451276796274,66,2022-11-04,2023-07-14
bbe,survivor,0.030051265958933805,374,2020-06-27,2024-03-31
add,survivor,0.028554783463154994,267,2020-06-26,2022-12-30
dolphin,survivor,0.02575984510326172,11,2023-02-24,2026-02-28
meaken,survivor,0.025640614050680594,15,2026-03-07,2026-03-15
huanxue,survivor,0.024681491009575715,19,2022-07-03,2025-04-18
pinpin,survivor,0.024681491009575715,19,2025-02-22,2025-04-18
recha,survivor,0.02405423500371502,4,2026-03-05,2026-03-07
bobo,survivor,0.02390990847518317,357,2020-06-27,2022-11-20
mocchi(ngs),survivor,0.023524872349467627,6,2025-02-22,2025-03-01
toki,survivor,0.022336284880775284,83,2020-08-07,2023-05-01
yush,survivor,0.02226146365464281,12,2022-07-02,2024-09-01
gt,survivor,0.021930727161453355,7,2024-03-16,2024-09-01
moumou,survivor,0.021470952169575695,1,2026-03-01,2026-03-01
mocchi,survivor,0.019418083668967252,232,2020-10-10,2025-03-09
upxi,survivor,0.019175611821968957,285,2020-08-03,2024-05-01
445,survivor,0.016404176534711018,222,2020-06-25,2022-10-23
loveleft,survivor,0.015234144049170513,80,2021-03-20,2025-05-01
co,survivor,0.014659591536085476,3,2026-02-28,2026-02-28
hanbok,survivor,0.014659591536085476,3,2026-02-28,2026-02-28
ribbon,survivor,0.014659591536085476,3,2026-02-28,2026-02-28
pin,survivor,0.013556739893553852,30,2021-03-13,2024-09-28
hhu,survivor,0.013490107595136917,120,2020-08-07,2023-03-05
huan,survivor,0.012422270653404378,637,2020-11-04,2025-04-20
xizi,survivor,0.011355740064232768,33,2023-02-24,2026-03-07
shao,survivor,0.011138636996934662,18,2022-02-25,2025-02-23
zkai,survivor,0.010800114030269783,23,2021-03-14,2023-04-17
zed,survivor,0.010698393782594766,14,2021-08-08,2023-08-27
jimy,survivor,0.010520309134590258,3,2024-03-09,2024-03-09
77,survivor,0.010391403959359108,1,2024-07-27,2025-03-07
k3,survivor,0.010355602884344034,82,2020-10-09,2023-02-19
tawash,survivor,0.010235078831671178,27,2021-11-13,2024-06-30
jiu,survivor,0.010173052971727782,266,2020-06-26,2022-10-30
guagua(pt),survivor,0.01004255373605205,3,2026-03-01,2026-03-01
tai,survivor,0.010008058070903974,27,2020-08-15,2023-03-05
xue,survivor,0.009115652823141055,21,2023-02-25,2024-04-21
lis,survivor,0.008913929587127256,54,2022-10-16,2024-03-17
apollo,survivor,0.008553730103484258,14,2021-03-05,2023-03-05
legend,survivor,0.008005018974593398,1,2024-03-09,2024-07-27
weirdo,survivor,0.007977968661491188,232,2020-06-26,2022-05-01
junqing,survivor,0.007253487574273035,20,2022-03-19,2023-03-25
dahyo,survivor,0.007231364674339586,58,2021-06-18,2022-11-05
yat,survivor,0.007202364003657917,39,2021-03-06,2023-03-05
yakakou,survivor,0.0068105914526689,1,2024-03-16,2024-03-16
kali,survivor,0.006640533552899814,1,2024-03-17,2024-03-17
tang,survivor,0.006546073924190547,298,2020-06-26,2023-08-12
norcy,survivor,0.006519089115632052,34,2021-03-21,2023-12-10
midori,survivor,0.006439202915562303,1,2024-03-09,2024-08-30
zhuzi,survivor,0.006368555747016073,33,2021-10-23,2022-05-02
youzi,survivor,0.006263298211083727,215,2020-06-27,2021-12-19
danb,survivor,0.005825810064304932,2,2025-03-02,2025-03-02
moon,survivor,0.005607216079450577,56,2021-08-15,2024-03-10
sika,survivor,0.005599326740131609,38,2020-10-09,2022-08-26
pingfan,survivor,0.005421741659340133,18,2023-02-24,2025-02-23
insomnia,survivor,0.005361895266394413,9,2024-03-09,2026-03-01
lasa,survivor,0.005361895266394413,9,2024-03-09,2024-07-28
billy,survivor,0.0047541108465958245,250,2020-06-25,2022-04-10
ryoga,survivor,0.004264717190997661,3,2021-06-13,2024-03-15
violet,survivor,0.004103495385149688,10,2024-08-11,2024-12-07
ameri,survivor,0.004030744214293779,5,2023-02-18,2023-02-26
flashair,survivor,0.004026328001291372,9,2022-02-27,2023-04-14
seeun,survivor,0.003998941138937171,34,2021-09-11,2023-04-17
tktora,survivor,0.0039011473543596755,80,2021-03-05,2022-11-27
yjj,survivor,0.0036152923183518666,221,2020-06-25,2021-12-19
yanxiang,survivor,0.0034715076288792755,7,2024-03-10,2024-03-17
mumu,survivor,0.0033094083590565816,18,2022-02-25,2024-07-27
zzai,survivor,0.003169083110057028,302,2020-06-25,2022-07-24
haachan,survivor,0.0030982161008693337,13,2022-02-26,2023-09-28
ayane,survivor,0.00295090533194356,2,2024-03-09,2024-03-09
fall,survivor,0.00295090533194356,2,2024-03-09,2024-03-09
kage,survivor,0.00295090533194356,2,2024-03-09,2024-08-24
goguma,survivor,0.0029079374596667424,5,2023-09-28,2024-03-17
ann,survivor,0.0028915274295842506,5,2023-02-24,2023-02-26
shuniiiii,survivor,0.0026338378381775204,7,2023-02-25,2023-02-26
ori,survivor,0.0026124956335919322,36,2021-11-13,2022-12-23
ba1x,survivor,0.0025287533818620935,17,2023-03-04,2023-12-10
dwn,survivor,0.002528436975807511,9,2023-02-25,2023-02-26
xiwang,survivor,0.002528436975807511,9,2023-02-25,2023-07-08
aj,survivor,0.0025169303663827454,72,2021-03-20,2022-07-09
ola,survivor,0.002385193189257447,25,2021-03-13,2023-02-26
imso0v0,survivor,0.0023687748512148292,9,2023-04-07,2023-04-17
oni,survivor,0.0023687748512148292,9,2023-04-07,2023-04-17
arvin,survivor,0.002123973574834111,10,2023-03-04,2023-03-19
mx,survivor,0.0018904276264923522,54,2021-03-06,2026-03-07
taiga,survivor,0.001738310937376526,4,2022-12-03,2022-12-22
ch,survivor,0.0017107807162164885,17,2022-02-19,2024-07-20
imsosexy,survivor,0.0017107807162164885,17,2022-02-19,2022-04-30
lecksyu,survivor,0.0016966969129052327,1,2024-03-17,2024-03-17
shota,survivor,0.0016696208658977592,7,2020-08-07,2023-12-22
shuaimr,survivor,0.0016523646385715783,20,2023-06-10,2023-07-02
947,survivor,0.0016391725703280308,6,2023-02-18,2023-02-19
61rd,survivor,0.0016193222050305315,9,2021-06-13,2022-03-11
foxy,survivor,0.0015594641590730934,4,2022-02-25,2023-02-26
anomaly,survivor,0.0015164640239266097,4,2022-08-26,2023-02-26
zafkiel,survivor,0.0014659108275476892,87,2020-09-05,2021-08-08
hotaru,survivor,0.0014529183239589231,19,2020-10-09,2022-12-22
lc,survivor,0.0014225238054096732,14,2020-10-02,2024-08-30
xmm,survivor,0.0013864184501126786,111,2020-06-25,2022-07-10
truth,survivor,0.0012738397926647528,12,2023-03-04,2023-03-25
qingc,survivor,0.0012498688944703128,153,2020-06-26,2022-04-20
588,survivor,0.0012112405467615075,4,2023-09-28,2024-03-17
xiaoi,survivor,0.001207001172958358,49,2021-10-16,2022-04-10
ww,survivor,0.0011616279194205704,143,2020-06-26,2021-12-05
naih33,survivor,0.0011316421894790288,2,2022-06-25,2023-02-17
mkk,survivor,0.0011196666761369052,76,2020-07-25,2021-05-01
metal(naeu),survivor,0.0011189416376038018,3,2022-02-19,2022-02-19
nelkiesus,survivor,0.0011189416376038018,3,2022-02-19,2022-02-19
tonyma,survivor,0.0011189416376038018,3,2022-02-19,2022-02-19
amomaly,survivor,0.001117373814250916,3,2023-02-26,2023-02-26
l c,survivor,0.001117373814250916,3,2023-02-26,2023-02-26
haku,survivor,0.0010420978249884533,10,2021-03-13,2023-08-06
920,survivor,0.0010237390225197973,3,2023-02-24,2023-02-26
xiaov,survivor,0.0010016097564860397,15,2022-03-20,2023-03-12
z,survivor,0.0009206048733620422,18,2020-11-12,2022-03-26
ze1u,survivor,0.0008712458001173367,16,2023-02-18,2023-07-14
naian,survivor,0.0007605831193357472,24,2021-10-15,2021-11-13
serio,survivor,0.0007488111715943946,2,2022-02-20,2022-02-20
b9,survivor,0.0007399504342011769,6,2022-02-26,2022-02-27
zzzkai,survivor,0.0007399504342011769,6,2022-02-26,2022-02-27
sheni,survivor,0.0007001075865104654,4,2022-03-19,2022-04-03
lpz,survivor,0.000682394242362276,59,2020-06-25,2022-04-04
cousin,survivor,0.0006631902219388483,5,2022-02-26,2022-02-27
ran,survivor,0.0006631902219388483,5,2022-02-26,2022-02-27
ghostqueen,survivor,0.0006402348586866954,4,2022-02-20,2022-02-20
pinto,survivor,0.0006402348586866954,4,2022-02-20,2022-02-20
proudsensei,survivor,0.0006402348586866954,4,2022-02-20,2022-02-20
567,survivor,0.000637887408725573,46,2020-06-25,2021-05-01
surume,survivor,0.000620390661195907,15,2021-06-20,2022-08-26
milk,survivor,0.0006175759602231503,6,2023-02-19,2023-03-04
vuerld,survivor,0.0006175759602231503,6,2022-07-30,2023-03-04
sally,survivor,0.0006075679138366849,3,2022-02-19,2022-09-25
zephyr,survivor,0.0006075679138366849,3,2022-02-19,2022-02-19
87yt,survivor,0.0005919955630559952,10,2021-03-13,2022-09-23
saury,survivor,0.0005779224159773532,14,2022-07-24,2022-10-15
33yyds,survivor,0.0005726576190410661,6,2022-02-20,2022-02-21
dazzle7,survivor,0.0005698225046611928,2,2022-02-26,2022-02-26
dobichu,survivor,0.0005666013085895968,3,2022-02-19,2022-02-20
sylph,survivor,0.0005068776025849305,4,2023-02-19,2023-03-04
flan,survivor,0.0004545564765121822,6,2022-03-20,2022-04-04
rice,survivor,0.0004545564765121822,6,2022-03-20,2022-04-04
syuzo,survivor,0.0004332083758653475,10,2022-03-05,2022-03-12
xy(ct),survivor,0.00042726822829854816,1,2022-03-27,2022-03-27
9mammos,survivor,0.0004151509105585794,7,2020-10-03,2023-04-16
roido_,survivor,0.0003952134009249033,1,2022-03-06,2022-03-06
haiya,survivor,0.00037783215167729863,26,2020-07-26,2021-05-02
wy,survivor,0.00037300157905188075,56,2020-06-25,2020-10-03
tzumong,survivor,0.0003657498145533442,1,2023-02-17,2023-02-17
wuhan,survivor,0.0003594308812358087,1,2023-02-26,2023-02-26
mushi,survivor,0.00035878149911370476,11,2020-11-12,2022-04-03
oniske,survivor,0.00035466812352445866,13,2022-07-30,2024-09-26
stn,survivor,0.0003478312133538739,1,2023-02-26,2023-02-26
hai,survivor,0.00034635337017220835,8,2023-03-04,2023-03-25
8nom,survivor,0.00030423928230364686,10,2021-02-27,2023-06-24
pablizg,survivor,0.00030324329147559667,1,2024-03-17,2024-03-17
maron,survivor,0.0002523817208079527,3,2022-07-30,2022-08-21
merry,survivor,0.00021259180204810717,4,2021-02-26,2021-09-11
towa,survivor,0.0002054851413550741,8,2021-02-26,2022-07-02
sz,survivor,0.00019905733468888215,8,2022-03-19,2022-04-03
salilly,survivor,0.00019486282737519526,7,2022-02-20,2022-02-21
小樱,survivor,0.00019215301735645422,2,2022-03-19,2022-04-03
tem,survivor,0.00018672831273592306,4,2022-02-19,2022-02-20
tinechu,survivor,0.00018672831273592306,4,2022-02-19,2022-02-20
key,survivor,0.000184163968743048,6,2021-02-26,2023-06-24
kokua,survivor,0.00017962888397974203,2,2022-02-19,2022-09-10
why,survivor,0.00017962888397974203,2,2021-11-13,2022-02-19
ruka,survivor,0.00016104501946824149,16,2020-08-07,2021-12-11
ssees,survivor,0.0001524334241143582,10,2021-03-06,2021-03-14
earth,survivor,0.00014111483441121958,6,2020-10-03,2021-08-22
lingtian,survivor,0.00014111483441121958,6,2020-10-04,2021-03-07
yorhan,survivor,0.00012266931576643714,1,2021-03-07,2021-09-05
am5,survivor,0.00012261191469914182,12,2021-03-06,2021-03-13
xc(仙茶),survivor,0.00011805324433759995,21,2020-06-26,2020-08-23
jx,survivor,0.00011771136007479292,32,2020-11-13,2021-05-04
sanye,survivor,0.0001136719391882326,6,2023-03-04,2023-03-25
yutor1,survivor,0.00011069835763821883,2,2023-02-19,2023-02-26
maozi,survivor,0.00010592894894976495,37,2020-07-04,2020-08-23
baron,survivor,9.901445548561736e-05,10,2021-09-11,2023-02-19
230,survivor,9.639640025406117e-05,2,2025-03-01,2025-03-01
gali,survivor,9.585365511995331e-05,1,2021-02-27,2021-02-27
ymd,survivor,9.55588090893906e-05,1,2022-03-19,2022-03-19
ruto,survivor,9.547265872672671e-05,3,2020-10-10,2021-05-01
haachar,survivor,9.341109687702511e-05,1,2022-02-26,2022-02-26
dian0,survivor,8.980383006441108e-05,3,2021-03-27,2021-03-27
sang9,survivor,8.980383006441108e-05,3,2021-03-27,2021-03-27
masiro,survivor,8.702741858132697e-05,3,2022-02-26,2022-02-26
minato,survivor,8.702741858132697e-05,3,2022-02-26,2022-08-20
nayeon,survivor,8.702741858132697e-05,3,2022-02-26,2022-02-26
shane,survivor,8.702741858132697e-05,3,2022-02-26,2023-08-06
zhaokhan_yt,survivor,8.349462639261765e-05,3,2021-08-15,2022-02-27
grandma,survivor,6.65586858124159e-05,8,2022-02-20,2022-02-21
yaya,survivor,5.4974910780102066e-05,9,2021-03-13,2021-03-14
yuyu,survivor,5.4974910780102066e-05,9,2021-03-13,2021-03-14
bin chi l l n,survivor,5.452098843965571e-05,1,2023-02-17,2023-02-17
slpduyhf,survivor,5.039325808611704e-05,4,2021-03-28,2021-03-28
naiyu,survivor,3.59434041059202e-05,3,2020-09-05,2020-09-05
mar,survivor,2.5256656517847437e-05,3,2020-10-02,2021-09-03
wolfie,survivor,2.5256656517847437e-05,3,2020-10-02,2023-08-05
ajax,survivor,2.1816664895637557e-05,3,2026-03-02,2026-03-02
luoji,survivor,2.1816664895637557e-05,3,2026-03-02,2026-03-02
bama,survivor,1.8174666800045825e-05,6,2021-03-13,2021-03-14
pf,survivor,1.8174666800045825e-05,6,2021-03-13,2021-03-14
syu,survivor,1.7604344063041576e-05,3,2020-08-16,2021-03-06
koki,survivor,1.720058555854594e-05,1,2021-03-07,2021-03-07
bagguli,survivor,1.4532867938954732e-05,5,2022-02-20,2022-02-20
potal,survivor,1.4532867938954732e-05,5,2022-02-20,2022-02-20
dreaming,survivor,1.2950159598441542e-05,2,2021-02-28,2021-02-28
thaemanh,survivor,6.475079799220782e-06,1,2021-02-28,2021-02-28
mihrimah,survivor,6.4750797992207784e-06,1,2021-02-28,2021-02-28
gary,survivor,5.431212308252972e-07,5,2024-03-09,2024-03-10
shushu,survivor,5.431212308252972e-07,5,2024-03-09,2024-03-10
1m,survivor,-4.366095082921826e-06,11,2021-03-20,2021-04-16
chiseru,survivor,-7.402501215627141e-06,2,2022-02-19,2022-02-19
ad,survivor,-7.898129588594873e-06,3,2021-03-20,2021-04-15
lzx,survivor,-1.180796680010093e-05,9,2020-08-07,2020-08-23
ailuyyuu,survivor,-1.8931343161740203e-05,5,2022-02-20,2022-02-21
ruoan,survivor,-2.8173760589827363e-05,37,2020-06-25,2020-09-20
xc,survivor,-3.7659090598690727e-05,2,2020-06-26,2025-09-11
aya,survivor,-5.0169459826000065e-05,16,2021-03-06,2021-12-26
ybp,survivor,-5.224685928364002e-05,2,2020-11-25,2020-11-25
sorasora,survivor,-6.284703828061647e-05,1,2021-03-13,2021-03-13
anaisn,survivor,-7.58518061916774e-05,2,2021-03-06,2021-03-06
fallenwingn,survivor,-7.58518061916774e-05,2,2021-03-06,2021-03-06
judasn,survivor,-7.58518061916774e-05,2,2021-03-06,2021-03-06
lusn,survivor,-7.58518061916774e-05,2,2021-03-06,2021-03-06
hoon,survivor,-7.757741664555696e-05,3,2021-02-26,2021-02-26
jumi,survivor,-7.757741664555696e-05,3,2021-02-26,2021-02-26
shuni,survivor,-9.394021851693833e-05,10,2020-10-02,2021-09-12
bloom,survivor,-0.00010154269827620576,8,2021-03-05,2021-03-12
kino,survivor,-0.00010154269827620576,8,2020-08-08,2021-03-12
hh,survivor,-0.00010167783496587129,17,2021-03-20,2021-04-16
laosan,survivor,-0.00010167783496587129,17,2021-03-20,2021-04-16
wn,survivor,-0.00010167783496587129,17,2021-03-20,2021-04-16
down,survivor,-0.00010190588238772705,2,2021-02-26,2021-02-26
gyuli,survivor,-0.00010190588238772705,2,2021-02-26,2021-02-26
puli,survivor,-0.00010190588238772705,2,2021-02-26,2021-02-26
pyapya,survivor,-0.00010190588238772705,2,2021-02-26,2021-02-26
elena,survivor,-0.00010203621933757102,2,2021-03-20,2025-03-08
airqaq,survivor,-0.00010497485142758358,8,2021-03-14,2021-05-01
akyu,survivor,-0.00010497485142758358,8,2021-03-14,2021-05-01
rakki,survivor,-0.00010497485142758358,8,2021-03-14,2021-05-01
seiro,survivor,-0.00010857631290769997,2,2022-02-20,2023-06-25
3o3,survivor,-0.00011371756614550073,9,2021-02-26,2022-09-25
calendar,survivor,-0.00011371756614550073,9,2021-02-26,2022-09-25
jueun,survivor,-0.00011371756614550073,9,2021-02-26,2022-09-25
wuling,survivor,-0.00011573383009432306,2,2024-03-09,2024-03-09
orange,survivor,-0.00011590931463246619,15,2021-03-20,2024-07-27
haru,survivor,-0.00012533919046463186,3,2021-02-27,2021-02-27
noun,survivor,-0.00012533919046463186,3,2021-02-27,2021-02-27
tt(kor),survivor,-0.00012533919046463186,3,2021-02-27,2021-02-27
mlxt,survivor,-0.0001279438648484416,5,2021-03-21,2021-03-27
yezi,survivor,-0.0001279438648484416,5,2021-03-21,2021-03-27
machado,survivor,-0.00013266949377244342,3,2020-10-09,2021-03-13
paiq,survivor,-0.00013266949377244342,3,2021-03-13,2021-03-13
gua(lvs),survivor,-0.00013317351583903074,5,2021-03-13,2021-03-14
lan(hmt),survivor,-0.00013317351583903074,5,2021-03-13,2021-03-14
xiwan,survivor,-0.00013317351583903074,5,2021-03-13,2021-03-14
givenchy,survivor,-0.0001531388967120196,2,2021-03-07,2021-03-07
liquor,survivor,-0.0001531388967120196,2,2021-03-07,2021-03-07
nextdoorr,survivor,-0.0001531388967120196,2,2021-03-07,2021-03-07
perroquet,survivor,-0.0001531388967120196,2,2021-03-07,2021-03-07
cloudy,survivor,-0.0001640006211289351,3,2022-02-21,2022-02-21
22,survivor,-0.0001675281169122809,41,2020-06-27,2022-04-03
maily,survivor,-0.0001679541157041113,2,2021-03-13,2021-03-13
sao,survivor,-0.0001679541157041113,2,2021-03-13,2021-03-13
taki,survivor,-0.0001679541157041113,2,2021-03-13,2022-07-02
goo,survivor,-0.00018169753619052864,3,2021-03-13,2021-03-13
leglag,survivor,-0.00018169753619052864,3,2021-03-13,2021-03-13
maple,survivor,-0.00018169753619052864,3,2021-03-13,2021-03-13
muscle,survivor,-0.00018169753619052864,3,2021-03-13,2021-03-13
tosa,survivor,-0.00018586344004880247,5,2021-03-06,2021-03-07
hata,survivor,-0.00019074846979078746,2,2020-10-03,2021-08-21
theflash,survivor,-0.00019074846979078746,2,2020-10-03,2021-08-22
66,survivor,-0.0001963537510883265,3,2022-02-26,2022-02-26
lazzz,survivor,-0.0001963537510883265,3,2022-02-26,2022-02-26
chopaeng,survivor,-0.00019938439920974484,1,2022-02-27,2022-02-27
jasugo,survivor,-0.00020097684145279368,5,2022-07-30,2022-08-21
smile,survivor,-0.00020097684145279368,5,2022-07-30,2022-08-21
kota,survivor,-0.0002028416418142864,1,2022-02-25,2022-02-25
pichu,survivor,-0.00020346778411184404,2,2021-03-07,2021-06-12
anchan,survivor,-0.0002150942577353891,7,2021-03-06,2021-09-11
diano,survivor,-0.00021774769491285308,2,2021-03-21,2021-03-21
lark,survivor,-0.00021774769491285308,2,2021-03-21,2021-03-27
mias,survivor,-0.00022047829361656755,3,2021-02-28,2021-02-28
numnums,survivor,-0.00022047829361656755,3,2021-02-28,2021-02-28
ovt,survivor,-0.00022047829361656755,3,2021-02-28,2021-02-28
lazli,survivor,-0.00024370258018182166,5,2021-03-05,2021-03-07
jeon,survivor,-0.00025534594464776396,9,2020-10-17,2021-03-13
1031,survivor,-0.0002849572034735675,1,2022-02-19,2022-02-19
chao,survivor,-0.0002863241950770233,5,2021-03-27,2021-03-28
qredona,survivor,-0.0002888290851207354,9,2020-10-02,2022-02-27
dd,survivor,-0.00030135508029226004,7,2021-03-20,2022-07-10
mg,survivor,-0.00030135508029226004,7,2021-03-20,2021-03-28
easterr,survivor,-0.00030832424799135836,2,2022-02-25,2022-02-25
haidan,survivor,-0.00030832424799135836,2,2022-02-25,2022-02-25
laz,survivor,-0.00030832424799135836,2,2022-02-25,2022-02-25
jsxd,survivor,-0.00031408574163858217,6,2022-02-25,2022-02-27
24savage,survivor,-0.00032649577789669145,2,2023-02-18,2023-02-18
haka,survivor,-0.0003607329362495579,1,2022-02-27,2022-02-27
pairchu,survivor,-0.00037987299585367455,1,2022-02-20,2022-02-20
pudding,survivor,-0.00038050346165519576,1,2022-02-19,2022-02-19
3brother,survivor,-0.0003810821644489242,5,2022-03-19,2022-03-27
777,survivor,-0.0003810821644489242,5,2022-03-19,2022-03-27
stone,survivor,-0.0003810821644489242,5,2022-03-19,2022-07-30
lihua,survivor,-0.00038583127549673697,7,2023-03-05,2023-03-12
qg,survivor,-0.00038583127549673697,7,2023-03-05,2023-03-12
paejak,survivor,-0.000387905962870823,3,2022-02-19,2022-02-19
rupirupi,survivor,-0.000387905962870823,3,2022-02-19,2022-02-19
unpopo,survivor,-0.00038925038340421723,1,2022-02-25,2022-02-25
beloin,survivor,-0.0003898222236982515,1,2021-03-06,2022-08-26
sennie,survivor,-0.0003898222236982515,1,2022-02-25,2022-08-27
yun(luv),survivor,-0.00039234550892343703,1,2022-02-27,2022-02-27
nanzhiye,survivor,-0.0003941244960419938,16,2023-03-05,2023-03-26
seed,survivor,-0.0003941244960419938,16,2023-03-05,2023-03-26
sweet,survivor,-0.00041134106302297846,13,2021-03-28,2021-04-17
iwane,survivor,-0.00045335856226074583,2,2022-02-26,2022-08-21
chz,survivor,-0.00045990316121911234,7,2020-06-25,2022-10-06
a4,survivor,-0.00047163778311359677,7,2023-02-18,2024-03-17
qing(sea),survivor,-0.00048743236783544455,3,2021-08-08,2022-02-26
477,survivor,-0.0004910545743847392,7,2023-02-17,2023-06-25
chomong,survivor,-0.0004910545743847392,7,2023-02-17,2023-02-19
99,survivor,-0.0004957870506477823,12,2021-03-13,2022-07-10
kunashiri,survivor,-0.000500600102417947,5,2022-02-26,2022-02-27
syang,survivor,-0.0005469313304758683,16,2021-03-21,2021-04-17
林清,survivor,-0.0005469313304758683,16,2021-03-21,2021-04-17
xiaosu,survivor,-0.000560082570852966,9,2022-03-19,2023-03-12
489,survivor,-0.0005616561113548671,2,2022-02-20,2022-06-25
chicken,survivor,-0.0005616561113548671,2,2022-02-20,2022-02-20
quacken,survivor,-0.0005616561113548671,2,2022-02-20,2022-02-20
sakana,survivor,-0.0005616561113548671,2,2022-02-20,2022-02-20
kasper,survivor,-0.0005698987374813996,2,2022-02-19,2022-02-19
bmao,survivor,-0.0005703371559820067,32,2020-11-05,2021-07-16
fugo,survivor,-0.0005798623004903915,2,2022-02-19,2022-02-19
heuka,survivor,-0.0005798623004903915,2,2022-02-19,2022-02-19
kitkatz,survivor,-0.0005882908018298419,4,2021-02-28,2022-02-21
dohyun,survivor,-0.0005894041032688777,4,2024-03-16,2024-03-17
dorara,survivor,-0.0005920920252185035,2,2022-02-25,2022-02-25
keyman,survivor,-0.0005920920252185035,2,2022-02-25,2023-07-08
canj,survivor,-0.0006084194868266042,15,2021-03-21,2021-04-16
ai,survivor,-0.0006315123551538526,7,2021-03-06,2025-09-12
ng,survivor,-0.0006315123551538526,7,2021-03-06,2022-08-28
orens,survivor,-0.0006315123551538526,7,2021-03-06,2022-02-26
keti,survivor,-0.0006520508976572894,2,2022-02-26,2022-02-26
mike,survivor,-0.0006520508976572894,2,2022-02-26,2022-02-26
pikachi,survivor,-0.0006520508976572894,2,2022-02-26,2022-02-26
kong,survivor,-0.0006605844764731026,107,2020-11-07,2022-07-16
xm,survivor,-0.000686766471146226,110,2020-06-26,2021-01-08
atabomon,survivor,-0.0006999845016276933,6,2022-02-26,2022-02-27
kuropon,survivor,-0.0006999845016276933,6,2022-02-26,2022-07-02
riffernun,survivor,-0.0006999845016276933,6,2021-08-08,2022-02-27
harryp,survivor,-0.0007180997907118312,6,2022-08-20,2023-02-26
hermione,survivor,-0.0007180997907118312,6,2022-08-20,2023-02-26
jk,survivor,-0.0007180997907118312,6,2023-02-25,2023-02-26
malfoy,survivor,-0.0007180997907118312,6,2023-02-25,2023-02-26
gl,survivor,-0.0007395486796245487,56,2021-03-06,2022-08-26
iys,survivor,-0.0007761527934454807,2,2022-02-25,2022-02-25
marczs,survivor,-0.0007761527934454807,2,2021-08-28,2022-02-25
705,survivor,-0.000787227117641307,1,2023-02-24,2023-02-24
phuping,survivor,-0.0008439863499963453,2,2025-03-01,2025-03-01
gugu,survivor,-0.0008548559409549654,3,2022-02-19,2022-02-19
ningning,survivor,-0.0008548559409549654,3,2022-02-19,2022-02-19
serend,survivor,-0.0008548559409549654,3,2022-02-19,2022-02-19
goodbye,survivor,-0.0008574058347432006,2,2022-03-20,2022-03-20
481,survivor,-0.0008576176291132374,11,2022-08-21,2023-04-16
ury,survivor,-0.0008604677667271787,6,2021-03-07,2022-02-25
cafe,survivor,-0.0008621605943236917,44,2020-10-10,2022-08-26
jialidun,survivor,-0.0008745531773423031,2,2022-03-27,2022-03-27
40,survivor,-0.0009684512488757949,28,2021-11-26,2022-08-05
daddy,survivor,-0.0009816218059456325,3,2020-10-02,2022-02-25
thinh,survivor,-0.0009816218059456325,3,2022-02-25,2022-02-25
johnny,survivor,-0.0010802025851757492,2,2023-02-17,2023-02-17
sayuri,survivor,-0.0010802025851757492,2,2023-02-17,2023-02-17
ton y ma,survivor,-0.0010802025851757492,2,2023-02-17,2023-02-17
binchilln,survivor,-0.0011347235736154054,1,2023-02-17,2023-02-17
haoran,survivor,-0.0011500846399532466,5,2022-03-20,2022-03-27
sherlock,survivor,-0.0011500846399532466,5,2022-03-20,2022-03-27
yanqi,survivor,-0.0011500846399532466,5,2022-03-20,2022-03-27
dumou,survivor,-0.0011721161019699628,2,2023-02-24,2023-02-24
home,survivor,-0.0011721161019699628,2,2023-02-24,2023-02-24
ll,survivor,-0.0011721161019699628,2,2023-02-24,2023-02-24
kuanlee,survivor,-0.0011791110605252687,23,2021-03-06,2022-04-20
rem,survivor,-0.0011791110605252687,23,2021-03-06,2023-08-27
like,survivor,-0.001201522980165938,6,2022-03-04,2022-03-06
mmr,survivor,-0.001201522980165938,6,2020-10-11,2022-03-06
soyo,survivor,-0.001201522980165938,6,2022-03-04,2022-03-06
roido,survivor,-0.0012035975769710942,15,2020-10-10,2023-02-26
bossy,survivor,-0.001220542749849367,6,2022-02-19,2023-06-24
mkai,survivor,-0.0012835275056281284,7,2022-02-26,2022-02-27
yeah,survivor,-0.0013442090862336915,12,2022-02-20,2023-02-19
nisa,survivor,-0.0013491893813473404,5,2022-12-03,2022-12-22
sho,survivor,-0.0013491893813473404,5,2022-12-04,2022-12-22
ywd,survivor,-0.0014077985693684326,16,2022-03-19,2023-03-25
aq,survivor,-0.0014107677720461092,4,2023-02-17,2023-02-19
jiojio,survivor,-0.001455786365651731,4,2022-03-19,2022-03-27
xiao,survivor,-0.001455786365651731,4,2022-03-19,2022-03-27
tk,survivor,-0.0014627832879150512,29,2021-12-10,2023-08-12
sqush,survivor,-0.0015016148857893616,1,2023-02-18,2023-02-18
an,survivor,-0.001537267069238604,19,2022-02-25,2022-04-21
bread,survivor,-0.0015453155161510137,3,2023-02-18,2023-02-18
rin,survivor,-0.0015453155161510137,3,2023-02-18,2023-02-18
tt(hmt),survivor,-0.0015467307979355794,1,2023-02-24,2023-02-24
nitnit,survivor,-0.0016100320186747494,3,2023-02-25,2023-02-25
ref,survivor,-0.0016100320186747494,3,2023-02-25,2023-02-25
beimeng,survivor,-0.0016204232406059772,1,2023-03-04,2023-03-04
watson,survivor,-0.0016204232406059772,1,2023-03-04,2023-03-04
adoremeo,survivor,-0.0016758730145515692,8,2022-02-26,2022-02-27
liebegin,survivor,-0.0016758730145515692,8,2022-02-26,2022-02-27
meaningles,survivor,-0.0016758730145515692,8,2022-02-26,2022-02-27
20330,survivor,-0.0016897876213901688,1,2023-02-18,2023-02-18
ddeok,survivor,-0.0016897876213901688,1,2023-02-18,2023-02-18
heyan,survivor,-0.0017319590120855022,4,2022-03-20,2022-03-27
x1aoxiong,survivor,-0.0017319590120855022,4,2022-03-20,2022-03-27
yuki(red),survivor,-0.0017319590120855022,4,2022-03-20,2022-03-27
kingh,survivor,-0.0017459860322541854,1,2023-03-12,2023-03-12
alpaca,survivor,-0.0019311778947861756,27,2024-10-26,2026-03-22
tsun,survivor,-0.0019789588566200183,8,2023-02-25,2024-03-10
half(mwf),survivor,-0.0019795019778508366,3,2023-02-25,2023-02-25
kongyue,survivor,-0.0019795019778508366,3,2023-02-25,2023-07-08
luca,survivor,-0.0019853625361659416,4,2026-03-06,2026-03-13
lii,survivor,-0.0020415206740207813,6,2023-02-25,2023-02-26
tsenka,survivor,-0.0020415206740207813,6,2022-07-02,2023-07-09
kirabbit,survivor,-0.002094034406011866,6,2024-03-09,2025-09-12
guo,survivor,-0.002125177816641405,5,2022-02-19,2023-02-18
hotba,survivor,-0.002125177816641405,5,2022-02-19,2023-02-18
shirayuki,survivor,-0.0021951473243490716,8,2022-07-30,2024-03-15
zb,survivor,-0.0022527786731457423,155,2020-06-25,2023-03-25
5252,survivor,-0.002293738496619488,4,2023-02-17,2023-02-17
dobi,survivor,-0.002293738496619488,4,2023-02-17,2023-02-17
itte,survivor,-0.002293738496619488,4,2023-02-17,2023-02-17
sori,survivor,-0.002293738496619488,4,2023-02-17,2023-02-17
shenl,survivor,-0.0023139569605063162,7,2022-03-26,2023-03-12
captkun,survivor,-0.0023256807260744446,20,2020-10-03,2023-09-28
cood,survivor,-0.0023357643919813586,6,2023-02-17,2023-06-25
hatari,survivor,-0.002454540813625311,6,2022-04-20,2023-02-25
lul,survivor,-0.00246235689163567,4,2022-11-19,2022-11-25
df,survivor,-0.002476395151288102,45,2021-03-21,2022-11-13
dragon(sea),survivor,-0.002508557998859848,2,2023-02-25,2023-08-27
fly,survivor,-0.002508557998859848,2,2023-02-25,2023-02-25
cxiao,survivor,-0.002532656950474131,3,2026-03-08,2026-03-15
vodka,survivor,-0.0026336126992392837,8,2022-02-25,2023-07-09
cookie(sea),survivor,-0.0026625189315026216,3,2023-02-24,2023-02-24
memory,survivor,-0.0026625189315026216,3,2023-02-24,2023-02-24
paya,survivor,-0.0026625189315026216,3,2023-02-24,2023-02-24
fluff,survivor,-0.0028374591407420036,19,2025-02-23,2026-03-01
ram,survivor,-0.002895781842882712,23,2021-03-06,2023-02-19
alex(naeu),survivor,-0.002984002097640802,2,2023-02-17,2023-02-17
d4vid,survivor,-0.002984002097640802,2,2023-02-17,2023-02-17
sapphire,survivor,-0.002984002097640802,2,2022-07-01,2023-02-17
dohyeon,survivor,-0.0030099513612416866,2,2023-02-17,2023-02-17
roxy,survivor,-0.0030099513612416866,2,2023-02-17,2023-08-05
gee,survivor,-0.0030211557447843073,2,2023-02-18,2023-02-18
111,survivor,-0.0030251761727350546,17,2021-03-20,2023-03-25
sky,survivor,-0.0030451857849738487,3,2021-04-11,2023-02-24
ado,survivor,-0.0030798623669882784,17,2021-02-27,2023-02-19
chloe,survivor,-0.003095031651549516,2,2023-02-24,2023-02-24
ienioii,survivor,-0.003095031651549516,2,2023-02-24,2023-02-24
cx,survivor,-0.0031021608374467396,4,2023-02-18,2023-06-24
pocketpig,survivor,-0.0031021608374467396,4,2023-02-18,2023-02-18
qinwen,survivor,-0.0031021608374467396,4,2023-02-18,2023-02-18
9j,survivor,-0.00319617181504105,50,2020-06-26,2024-05-02
puppy,survivor,-0.0033795752427803376,2,2023-02-18,2023-02-18
yeahsu,survivor,-0.0034121813207947356,2,2024-03-17,2024-03-17
kirito,survivor,-0.0034198468876159935,6,2023-03-04,2023-03-12
luoben,survivor,-0.0034198468876159935,6,2023-03-04,2023-06-24
q2779q,survivor,-0.0034198468876159935,6,2023-03-04,2023-03-12
misdori,survivor,-0.003488297583618751,1,2024-03-09,2024-03-09
lv275,survivor,-0.003599355464510559,6,2023-02-17,2024-03-17
nalong,survivor,-0.0038374136678872846,2,2025-03-01,2025-03-01
mapleleaf,survivor,-0.0038711844449949968,4,2022-02-25,2023-08-05
pai,survivor,-0.004295147594738221,3,2023-02-25,2023-02-25
kuma,survivor,-0.00446924758802383,11,2021-03-13,2024-03-09
j,survivor,-0.004536233574918234,4,2023-02-18,2023-02-19
momo,survivor,-0.0046191725924773115,14,2022-02-19,2024-03-16
xigua,survivor,-0.004720576249892262,5,2022-02-26,2024-03-09
yinjue,survivor,-0.004738061707579205,15,2023-07-21,2023-08-12
xiaoci,survivor,-0.004799201816821188,256,2020-06-27,2022-10-21
nongshane,survivor,-0.00489761454769328,2,2024-03-09,2024-03-09
rubyjah,survivor,-0.00489761454769328,2,2024-03-09,2024-03-09
xifeng,survivor,-0.00489761454769328,2,2023-07-29,2024-03-09
k2,survivor,-0.005085944384317393,5,2021-08-07,2023-02-26
paperjam,survivor,-0.005085944384317393,5,2023-02-24,2023-02-26
rainyk,survivor,-0.005085944384317393,5,2023-02-24,2023-02-26
guan,survivor,-0.005159578240606109,14,2023-03-05,2024-03-23
polarz,survivor,-0.005515500813854735,14,2022-02-20,2024-03-16
fox,survivor,-0.005566915421127922,424,2020-06-25,2026-03-05
d0yo,survivor,-0.005854698107555732,6,2023-02-18,2023-02-19
hwan,survivor,-0.005854698107555732,6,2023-02-18,2023-02-19
shiro,survivor,-0.005986487292069723,16,2020-08-07,2024-03-15
layz,survivor,-0.006332492963607269,20,2022-06-24,2026-03-01
meimei,survivor,-0.006445500957251011,2,2025-04-11,2025-04-16
ewnyi,survivor,-0.006585911979375432,1,2024-03-10,2024-03-10
foxwhite,survivor,-0.006595858643087261,10,2023-03-05,2023-03-25
guideng,survivor,-0.006595858643087261,10,2023-03-05,2023-03-25
nanzhao,survivor,-0.006595858643087261,10,2023-03-05,2023-03-25
yyang,survivor,-0.006595858643087261,10,2023-03-05,2023-03-25
kieri,survivor,-0.00660082756577577,16,2022-02-19,2024-03-17
dragon(hmt),survivor,-0.00662869581481594,3,2024-03-09,2024-03-09
kurimura,survivor,-0.00662869581481594,3,2024-03-09,2024-03-09
peace,survivor,-0.00662869581481594,3,2024-03-09,2024-03-09
dan,survivor,-0.006798036908579272,18,2022-07-03,2024-03-17
scar,survivor,-0.007377286800409141,5,2024-03-16,2024-03-16
ama,survivor,-0.008480964979036321,4,2020-08-14,2024-03-09
future(hmt),survivor,-0.008480964979036321,4,2024-03-09,2024-03-09
yx,survivor,-0.008480964979036321,4,2024-03-09,2024-03-09
mochen,survivor,-0.008613541484793109,2,2023-12-08,2023-12-09
ameko,survivor,-0.008650397869854389,1,2025-02-21,2025-02-21
musk,survivor,-0.008654192856541345,11,2023-03-04,2024-10-26
gin,survivor,-0.008979646338603002,39,2020-11-04,2024-03-17
sawwy,survivor,-0.009205397464095232,8,2023-02-18,2024-07-15
yunomaru,survivor,-0.00923367069246261,62,2021-11-14,2024-03-10
sesame,survivor,-0.009792889463452331,11,2022-02-20,2024-03-17
d4kiri,survivor,-0.009795582299617862,3,2023-06-24,2024-07-15
ty,survivor,-0.009795582299617862,3,2024-03-17,2024-03-17
hin1zza,survivor,-0.010099053380605256,5,2024-03-09,2024-03-10
bb,survivor,-0.010167252827041723,14,2020-08-15,2024-03-16
haaatarii,survivor,-0.010261917731886871,2,2024-03-10,2024-03-10
plukname,survivor,-0.010261917731886871,2,2021-08-07,2024-08-31
jyeong,survivor,-0.010289864741740875,2,2024-03-16,2024-03-16
rami,survivor,-0.010289864741740875,2,2024-03-16,2024-03-16
riye,survivor,-0.010289864741740875,2,2024-03-16,2024-03-16
siuuuuuu,survivor,-0.010300987681385217,15,2024-03-16,2024-04-20
zhengkai,survivor,-0.010310662486330344,36,2023-07-08,2026-02-28
couple,survivor,-0.010311021664917357,2,2024-03-17,2024-03-17
imsoovo,survivor,-0.010381602109879335,23,2023-02-18,2024-04-20
hoit,survivor,-0.010433430390555118,2,2023-06-24,2024-03-17
sumnyang,survivor,-0.010433430390555118,2,2024-03-17,2024-03-17
tree,survivor,-0.010433430390555118,2,2023-06-24,2024-03-17
yyttkx,survivor,-0.01045171927412068,5,2025-03-06,2025-03-08
ppm,survivor,-0.01109167306200819,15,2026-03-01,2026-04-19
funv,survivor,-0.011442332357539933,5,2021-02-28,2024-03-16
wilsonwei,survivor,-0.011455282517138381,3,2024-03-16,2024-03-16
yl,survivor,-0.011455282517138381,3,2024-03-16,2024-03-16
aoi,survivor,-0.011510160365732809,3,2024-03-09,2024-03-09
bai(hmt),survivor,-0.011510160365732809,3,2024-03-09,2024-03-09
dai,survivor,-0.011510160365732809,3,2024-03-09,2024-03-09
kugua,survivor,-0.011510160365732809,3,2024-03-09,2024-03-09
ichigo,survivor,-0.011614006877438871,6,2024-03-01,2024-03-10
xieyu,survivor,-0.012111957188766991,2,2024-03-09,2024-03-09
sny6,survivor,-0.012369434556794748,2,2024-03-16,2024-03-16
zeular,survivor,-0.012369434556794748,2,2022-06-25,2024-03-16
zy,survivor,-0.012369434556794748,2,2024-03-16,2024-03-16
keitea,survivor,-0.012673599887203867,17,2022-12-03,2025-03-07
star,survivor,-0.01272921241073304,5,2024-03-10,2024-03-17
mt,survivor,-0.013078928827915625,2,2024-03-09,2024-03-09
nightowl,survivor,-0.013078928827915625,2,2021-08-08,2024-03-09
wflbb,survivor,-0.013078928827915625,2,2024-03-09,2024-03-09
pablozg,survivor,-0.01308282768873425,4,2022-06-24,2024-07-15
ohmy,survivor,-0.013114083573702532,2,2024-03-30,2024-03-30
gris,survivor,-0.013214505815864256,2,2023-07-29,2024-03-09
thetu,survivor,-0.013214505815864256,2,2024-03-09,2024-03-09
alottacake,survivor,-0.013231806729093553,2,2024-03-17,2024-03-17
flx,survivor,-0.013231806729093553,2,2024-03-17,2024-03-17
xia,survivor,-0.013271629470059474,5,2023-06-24,2024-03-17
l,survivor,-0.013285894669642303,8,2022-12-11,2024-03-17
seven,survivor,-0.013496803191159172,9,2023-02-25,2025-03-08
soryong,survivor,-0.0135124110330291,2,2024-03-16,2024-03-16
termon,survivor,-0.0135124110330291,2,2024-03-16,2024-03-16
yul,survivor,-0.0135124110330291,2,2024-03-16,2024-03-16
tzumang,survivor,-0.013831280798277681,18,2021-02-26,2024-03-17
limh,survivor,-0.014398933347165533,12,2023-02-25,2024-03-15
kem,survivor,-0.014411910824580368,13,2022-12-03,2025-03-07
snoopy,survivor,-0.014411910824580368,13,2025-02-22,2025-03-07
nato,survivor,-0.014615838556293137,17,2022-02-20,2024-07-14
cc,survivor,-0.01465336081156433,31,2023-02-18,2024-04-20
corn,survivor,-0.015312322141960202,14,2026-03-06,2026-03-21
wing,survivor,-0.015312322141960202,14,2026-03-06,2026-03-21
yazen,survivor,-0.015347862116204225,7,2022-08-20,2024-08-31
kloud,survivor,-0.015685753323257244,16,2022-06-24,2023-04-16
pbnjam,survivor,-0.015685753323257244,16,2023-02-18,2023-04-16
nai33,survivor,-0.0158140394315846,7,2023-02-19,2024-03-17
cok,survivor,-0.016010315019981503,11,2024-03-09,2024-03-30
xuanx,survivor,-0.016010315019981503,11,2024-03-09,2024-03-30
reineko,survivor,-0.016462735829774394,7,2024-03-01,2024-03-15
gui,survivor,-0.01741087931888713,23,2024-03-10,2025-03-09
da9rk,survivor,-0.017438173252485416,4,2021-08-07,2025-03-02
hatar1,survivor,-0.017596943008557943,9,2021-09-03,2025-03-02
kaero,survivor,-0.017665820311022287,3,2025-02-21,2025-02-23
koko,survivor,-0.017757464411305213,140,2021-06-12,2024-03-17
hardg,survivor,-0.01788783053881184,9,2024-03-09,2024-03-30
kurakkaa,survivor,-0.01788783053881184,9,2024-03-09,2024-03-30
guag,survivor,-0.018037414671382056,214,2021-06-12,2024-08-09
miniblue,survivor,-0.01835029464662827,40,2022-02-25,2026-03-08
myleg,survivor,-0.018419728582026215,49,2021-02-28,2024-09-27
shadow(sea),survivor,-0.01962100025132186,28,2021-08-21,2026-03-08
nakamura,survivor,-0.019714728592130627,5,2024-03-02,2024-03-10
yae,survivor,-0.019714728592130627,5,2024-03-02,2024-03-10
yoneta,survivor,-0.019714728592130627,5,2024-03-02,2024-03-10
4d5b,survivor,-0.019747218242954043,7,2025-03-01,2025-03-02
ith,survivor,-0.019747218242954043,7,2025-03-01,2025-03-02
haram,survivor,-0.019860935809099575,16,2021-02-26,2025-03-02
sany,survivor,-0.019961265778444315,4,2024-03-09,2024-03-17
cat,survivor,-0.02034206632833669,2,2021-06-13,2025-03-01
nuo,survivor,-0.020802121185129686,1,2025-03-01,2025-03-01
maiking,survivor,-0.022422978853684366,4,2024-03-09,2024-03-17
wenyi,survivor,-0.022559544783995442,10,2024-03-09,2025-09-12
more,survivor,-0.022666681433866166,9,2020-08-15,2024-03-17
kuangk,survivor,-0.022811224082871333,11,2023-03-25,2025-01-01
4ta5,survivor,-0.023456255160157015,13,2021-06-13,2024-03-15
paripi,survivor,-0.023456255160157015,13,2023-02-25,2024-03-15
panda,survivor,-0.024254302703380685,24,2022-08-21,2025-04-19
jyu,survivor,-0.024509397834431745,9,2023-02-17,2025-03-02
tung,survivor,-0.024943277189452398,1,2025-03-01,2025-03-01
shu,survivor,-0.025133235953043873,15,2020-08-09,2024-03-15
nami,survivor,-0.026395485036368693,1,2025-03-01,2025-03-01
hashu,survivor,-0.02651815522653934,17,2022-07-03,2025-02-23
ahd,survivor,-0.02653482122678005,25,2023-07-30,2026-03-08
1k,survivor,-0.02700521152239553,59,2021-03-21,2023-08-13
momochi,survivor,-0.027239471386365063,3,2025-03-01,2025-03-01
nangram,survivor,-0.027239471386365063,3,2025-03-01,2025-03-01
tuyen,survivor,-0.027239471386365063,3,2025-03-01,2025-03-01
boyman,survivor,-0.027700090984372233,6,2024-03-10,2025-03-02
minfa,survivor,-0.028689097397049536,3,2025-02-22,2025-02-22
sunny,survivor,-0.028689097397049536,3,2024-07-27,2025-02-22
szji,survivor,-0.028689097397049536,3,2024-07-27,2025-02-22
agramont,survivor,-0.028690398688654417,24,2023-02-18,2024-04-21
musa,survivor,-0.0287806908573397,3,2025-03-01,2025-03-01
prune,survivor,-0.0287806908573397,3,2025-03-01,2025-03-01
sj,survivor,-0.0287806908573397,3,2025-03-01,2025-03-01
anne,survivor,-0.02902214407539942,5,2024-07-20,2025-03-02
coldsnow,survivor,-0.02902214407539942,5,2025-03-01,2025-03-02
tuyu,survivor,-0.02902214407539942,5,2025-03-01,2025-03-02
113,survivor,-0.029242584525813235,4,2025-02-22,2025-02-22
saken,survivor,-0.029242584525813235,4,2024-07-14,2025-02-22
penguin,survivor,-0.03000756192968694,5,2023-02-18,2025-02-22
kearu,survivor,-0.03047704024238013,3,2025-03-08,2025-03-08
nym,survivor,-0.030652679068349734,6,2024-03-09,2025-03-02
wwy,survivor,-0.031206137163920473,12,2024-03-16,2024-04-21
tea,survivor,-0.031287541701729975,422,2020-06-25,2025-03-22
67,survivor,-0.03180319020882598,3,2026-03-07,2026-03-07
gduu,survivor,-0.03180319020882598,3,2026-03-07,2026-03-07
guesswho,survivor,-0.03180319020882598,3,2026-03-07,2026-03-07
gaji,survivor,-0.03208936958612623,12,2021-02-26,2025-03-01
satoru,survivor,-0.032231714842838606,8,2024-04-13,2024-04-20
fxctea,survivor,-0.03237862995634107,3,2025-03-01,2025-03-01
ppoi,survivor,-0.03237862995634107,3,2025-03-01,2025-03-01
shy,survivor,-0.03249086968700435,18,2020-06-25,2024-03-30
gege,survivor,-0.03338172200048096,1,2026-03-08,2026-03-08
hengh,survivor,-0.03429708868374119,152,2021-10-17,2024-12-01
963,survivor,-0.0345073520297653,2,2025-02-22,2025-02-22
feshalover,survivor,-0.0345073520297653,2,2025-02-22,2025-02-22
meteor,survivor,-0.0345073520297653,2,2025-02-22,2025-02-22
lxue,survivor,-0.03469991300541105,2,2024-03-17,2025-02-22
xiaoxue,survivor,-0.03469991300541105,2,2025-02-22,2025-02-22
gtmoya,survivor,-0.034848312565718534,8,2025-03-01,2025-03-02
marant,survivor,-0.034848312565718534,8,2024-08-23,2025-03-02
awa,survivor,-0.03614547701383012,4,2025-03-07,2025-03-09
nerukun,survivor,-0.03622304435324499,16,2020-10-03,2024-08-31
alet,survivor,-0.03658444932172622,2,2024-08-24,2025-03-01
bull,survivor,-0.03658444932172622,2,2021-08-27,2025-03-01
rye,survivor,-0.03658444932172622,2,2022-08-26,2025-03-01
thorne,survivor,-0.03658444932172622,2,2025-03-01,2025-03-01
zhaokhan,survivor,-0.03659536806475828,22,2020-10-02,2024-09-01
morina,survivor,-0.03670080475651922,5,2024-03-09,2026-03-07
islbb,survivor,-0.03687529655822654,2,2025-02-22,2025-02-22
mute,survivor,-0.03687529655822654,2,2025-02-22,2025-02-22
spicy,survivor,-0.03687529655822654,2,2025-02-22,2025-02-22
umi,survivor,-0.03687529655822654,2,2025-02-22,2025-02-22
h1gher,survivor,-0.037265220113385504,94,2023-03-04,2026-03-21
koala,survivor,-0.03814413699145342,10,2026-02-28,2026-03-13
savinorz,survivor,-0.0382333280638968,9,2023-02-18,2025-03-01
skyfall,survivor,-0.0406233019777319,49,2020-10-02,2026-03-08
mocha,survivor,-0.04076705323773838,6,2025-02-23,2026-03-02
qingy,survivor,-0.04076705323773838,6,2025-02-23,2026-03-02
drmark,survivor,-0.04078886990263382,3,2025-02-23,2025-02-23
luoj,survivor,-0.04078886990263382,3,2025-02-23,2025-02-23
littleboy,survivor,-0.04081405044752269,51,2020-10-03,2026-03-08
peep,survivor,-0.04153125694265244,2,2025-03-01,2025-03-01
surpx,survivor,-0.04210107290331502,7,2022-08-19,2025-03-02
lugi,survivor,-0.04356815809391953,7,2024-03-16,2025-03-02
kaib,survivor,-0.04414344251535911,5,2025-02-22,2025-02-23
kuri,survivor,-0.04414344251535911,5,2025-02-22,2025-02-23
marlboro,survivor,-0.04449549530502908,5,2024-03-17,2025-02-22
kono,survivor,-0.046265802447835624,8,2024-03-02,2025-02-22
yyk,survivor,-0.046529123331789636,29,2024-03-10,2024-08-09
fifty,survivor,-0.04743420682838878,2,2024-07-27,2025-02-22
hanksome,survivor,-0.04743420682838878,2,2022-07-02,2025-02-22
yama,survivor,-0.04764291596889508,8,2025-02-23,2025-03-01
sweet9,survivor,-0.048412236210459654,2,2025-03-07,2025-03-07
tuo,survivor,-0.048604617048682415,15,2021-03-13,2025-02-23
siru,survivor,-0.04934046397158562,22,2020-10-04,2025-03-02
light,survivor,-0.05020343997347928,2,2020-08-09,2025-03-01
ruby,survivor,-0.05020343997347928,2,2025-03-01,2025-03-01
stalkers,survivor,-0.05020343997347928,2,2025-03-01,2025-03-01
syntice,survivor,-0.050405417332028364,3,2021-08-15,2025-03-01
ning,survivor,-0.05082435861578467,8,2021-03-13,2025-02-23
blue,survivor,-0.052214426084985305,205,2020-06-26,2026-02-28
cover,survivor,-0.0558809708961382,17,2022-02-19,2025-03-02
eugene,survivor,-0.05591053851503249,1,2026-02-28,2026-02-28
aspartame,survivor,-0.05704566184087112,4,2025-02-23,2025-02-23
papermoon,survivor,-0.05704566184087112,4,2025-02-23,2025-02-23
yluo,survivor,-0.05704566184087112,4,2025-02-23,2025-02-23
z(naeu),survivor,-0.05704566184087112,4,2024-07-15,2025-02-23
valager,survivor,-0.058533752665937674,14,2024-03-10,2025-03-08
egg,survivor,-0.05885805862403756,58,2024-03-09,2024-11-10
qian,survivor,-0.05901275538435265,1,2026-03-01,2026-03-01
c1,survivor,-0.0595619440701347,12,2025-03-07,2025-03-22
qiuf,survivor,-0.0595619440701347,12,2025-03-07,2025-03-22
xuxuzi,survivor,-0.05969588258258761,42,2024-03-09,2025-03-22
tao,survivor,-0.06004302102047961,7,2022-03-19,2025-10-03
bigpig,survivor,-0.060220647119032154,3,2025-02-22,2025-02-22
ronald,survivor,-0.060220647119032154,3,2025-02-22,2025-02-22
t,survivor,-0.060220647119032154,3,2025-02-22,2025-02-22
humi,survivor,-0.06078196919184181,7,2024-03-16,2025-03-02
airiforest,survivor,-0.06081031435440948,2,2026-03-07,2026-03-07
bronya,survivor,-0.06081031435440948,2,2026-03-07,2026-03-07
craby,survivor,-0.06081031435440948,2,2026-03-07,2026-03-07
handsomeboy,survivor,-0.06081031435440948,2,2026-03-07,2026-03-07
beifang,survivor,-0.061938084639467324,5,2022-07-03,2025-02-22
jimmy,survivor,-0.06202805234684177,8,2023-02-25,2025-02-22
hall,survivor,-0.06233337812778209,3,2024-07-20,2025-03-01
rex,survivor,-0.06233337812778209,3,2025-03-01,2025-03-01
lyan,survivor,-0.06329712049073105,21,2023-06-24,2026-05-01
0r2l,survivor,-0.06630765731602045,3,2025-03-01,2025-03-01
ii,survivor,-0.06630765731602045,3,2025-03-01,2025-03-01
kongomi,survivor,-0.06630765731602045,3,2025-03-01,2025-03-01
nyang,survivor,-0.06630765731602045,3,2025-03-01,2025-03-01
yeyv,survivor,-0.06810922231116807,74,2022-07-29,2025-11-16
jokra,survivor,-0.06812873140449886,13,2026-03-08,2026-04-18
runn,survivor,-0.07031091035466144,22,2021-08-21,2025-03-01
moko,survivor,-0.07439401768425791,13,2021-03-05,2025-03-01
ms,survivor,-0.0748216067444317,4,2025-03-06,2025-03-08
xmh,survivor,-0.0748216067444317,4,2025-03-06,2025-03-08
xjie,survivor,-0.07724095834070355,12,2024-03-09,2025-03-01
tarlong,survivor,-0.07786689735984129,3,2025-03-09,2025-03-09
5884,survivor,-0.07792367387385897,15,2025-02-22,2025-03-09
terd,survivor,-0.07792367387385897,15,2025-02-22,2025-03-09
naoh,survivor,-0.0822413470187606,12,2025-03-06,2025-03-22
silwave,survivor,-0.08275328065551522,16,2023-03-04,2025-03-22
yuto,survivor,-0.08426408800961233,114,2020-08-16,2025-04-19
emu,survivor,-0.08439554853480889,74,2021-09-11,2025-07-13
astel,survivor,-0.08810282152003002,1,2026-03-08,2026-03-08
lb,survivor,-0.08810282152003002,1,2021-08-08,2026-03-08
yh,survivor,-0.08918197676527341,5,2026-03-05,2026-03-07
ying,survivor,-0.08918197676527341,5,2026-03-05,2026-03-07
f,survivor,-0.0896446876339712,52,2020-06-25,2026-03-08
jy,survivor,-0.0898372420478545,5,2026-03-06,2026-03-08
winter,survivor,-0.0898372420478545,5,2022-06-25,2026-03-08
ztmiao,survivor,-0.0898372420478545,5,2026-03-06,2026-03-08
kirye,survivor,-0.09002102243429223,153,2021-06-13,2025-04-18
segel,survivor,-0.09111185277036528,4,2026-03-05,2026-03-07
shiwu,survivor,-0.09113300668386112,4,2026-03-02,2026-03-02
felix,survivor,-0.09174396376421533,323,2021-06-18,2026-04-17
lion,survivor,-0.09474406169683935,638,2020-06-25,2026-03-21
umocchi,survivor,-0.09520982025571786,11,2026-02-28,2026-03-13
appai,survivor,-0.09868814641450954,280,2023-02-18,2026-04-17
shevchenko,survivor,-0.10010975523455504,8,2024-03-17,2025-02-23
brontal,survivor,-0.10058256415093794,4,2022-07-30,2026-03-14
nachi,survivor,-0.10303093266860307,12,2025-02-22,2025-03-02
fy,survivor,-0.10321191607200188,12,2022-06-24,2025-02-23
ct,survivor,-0.1034626238355673,1,2026-02-28,2026-02-28
xingh,survivor,-0.10390927343648414,428,2021-10-17,2025-09-13
yangy,survivor,-0.1060184776021997,216,2023-10-27,2025-08-21
ling,survivor,-0.10617631286243556,21,2022-02-20,2025-03-09
cheese,survivor,-0.10961079451083318,10,2025-03-01,2025-03-02
yunseong,survivor,-0.11008659788774208,2,2026-02-28,2026-02-28
maka,survivor,-0.11029969213979737,85,2020-08-22,2025-03-07
jinlala,survivor,-0.11086496777927095,3,2026-03-01,2026-03-01
mmy,survivor,-0.11086496777927095,3,2026-03-01,2026-03-01
nct,survivor,-0.11086496777927095,3,2026-03-01,2026-03-01
xxue,survivor,-0.11086496777927095,3,2026-03-01,2026-03-01
yora,survivor,-0.11168752947590625,32,2024-03-02,2025-11-29
dj,survivor,-0.11186505357436846,2,2026-02-28,2026-02-28
one,survivor,-0.11186505357436846,2,2026-02-28,2026-02-28
rome,survivor,-0.11186505357436846,2,2024-07-20,2026-02-28
elbow,survivor,-0.11229095194800867,20,2021-02-26,2026-03-01
spark,survivor,-0.11323621176898856,1,2026-03-07,2026-03-07
levi,survivor,-0.11374608465733171,15,2022-02-20,2026-03-01
h20,survivor,-0.11477961557514609,5,2026-03-06,2026-03-08
my,survivor,-0.11477961557514609,5,2026-03-06,2026-03-08
scorpion,survivor,-0.11601723255997201,53,2023-02-18,2026-02-28
xixu,survivor,-0.11686592582483617,9,2025-03-07,2026-03-07
future,survivor,-0.11694244395923348,6,2025-11-21,2025-11-22
purn,survivor,-0.117125659900112,17,2022-02-20,2026-03-01
sikey,survivor,-0.11732009781142878,8,2022-06-24,2026-03-01
yinl,survivor,-0.11757516531239133,140,2022-03-20,2025-04-18
vani,survivor,-0.1178293034379046,23,2026-02-28,2026-04-17
namako,survivor,-0.11866862078586547,20,2024-03-01,2025-03-02
gougou,survivor,-0.11883578872040969,217,2024-03-09,2025-11-30
17,survivor,-0.11895927038175662,2,2026-03-01,2026-03-01
jayvik,survivor,-0.11895927038175662,2,2026-03-01,2026-03-01
numer,survivor,-0.11895927038175662,2,2026-03-01,2026-03-01
cake,survivor,-0.12312320554386225,12,2022-08-20,2025-03-02
yijiang,survivor,-0.12422878092377013,7,2025-02-23,2026-03-01
cokwu9,survivor,-0.12627913357030093,5,2025-03-07,2025-03-09
boss,survivor,-0.12697512334113445,12,2023-07-29,2026-03-01
kelu,survivor,-0.12707730686460023,5,2026-03-01,2026-03-01
bww,survivor,-0.1274512496722708,7,2023-02-24,2025-03-09
eve,survivor,-0.1280759479135609,12,2022-03-05,2026-03-02
ieatfood,survivor,-0.12850915628942655,2,2026-03-02,2026-03-02
infamous,survivor,-0.12850915628942655,2,2026-03-02,2026-03-02
justbetter,survivor,-0.12850915628942655,2,2026-03-02,2026-03-02
dacho,survivor,-0.1343017287061516,207,2021-06-18,2025-03-09
yuy,survivor,-0.13469782780148343,76,2023-03-04,2025-03-22
zyan,survivor,-0.1348204382899588,46,2023-03-05,2025-05-01
beilu,survivor,-0.13811310597217524,12,2024-03-17,2026-03-07
nekocya,survivor,-0.13949578853972242,8,2026-02-27,2026-03-07
ganmo,survivor,-0.140399658695849,8,2026-02-27,2026-03-07
lead,survivor,-0.140399658695849,8,2026-02-27,2026-03-07
y4m1,survivor,-0.140399658695849,8,2026-02-27,2026-03-07
cutemei0v0,survivor,-0.14342157596422403,3,2026-03-01,2026-03-01
frost,survivor,-0.14352745820405402,2,2025-11-27,2025-11-27
lian,survivor,-0.14575553387980103,5,2023-02-24,2026-03-01
nana,survivor,-0.1462725838928648,18,2020-10-11,2026-03-13
nn,survivor,-0.14636291580534663,16,2025-03-01,2025-04-20
ouo,survivor,-0.14636291580534663,16,2025-03-01,2025-04-20
jiying,survivor,-0.14649036774390603,12,2025-03-06,2025-11-28
foxnai,survivor,-0.14708519038023532,12,2024-03-09,2026-03-21
ak3,survivor,-0.15029014098381577,8,2026-02-28,2026-03-13
wuyan,survivor,-0.15090347543840843,14,2023-02-25,2026-03-01
hyeseon,survivor,-0.15131281559273244,2,2026-02-28,2026-02-28
hezi,survivor,-0.1539969722362966,15,2022-02-25,2026-03-01
lemon,survivor,-0.1558224065785377,16,2022-08-26,2026-05-01
jori,survivor,-0.1558620541426916,3,2026-02-28,2026-02-28
ovo,survivor,-0.1558620541426916,3,2021-09-11,2026-02-28
siu,survivor,-0.1558620541426916,3,2023-06-24,2026-02-28
xxia,survivor,-0.15621950031909704,8,2025-03-06,2026-03-08
bj,survivor,-0.16020864808292892,4,2026-02-28,2026-02-28
fa,survivor,-0.16020864808292892,4,2026-02-28,2026-02-28
nian,survivor,-0.16020864808292892,4,2026-02-28,2026-02-28
xg,survivor,-0.16020864808292892,4,2026-02-28,2026-02-28
sasori,survivor,-0.16121951814132998,383,2020-10-16,2025-07-13
v1ole7,survivor,-0.1632228096369837,3,2026-03-05,2026-03-07
honor,survivor,-0.1649215134071866,36,2022-06-25,2026-03-02
avagg,survivor,-0.16670474779386169,38,2025-05-31,2025-07-13
ei3n,survivor,-0.1731334941295768,26,2025-02-22,2026-03-13
immortal,survivor,-0.17620564304006003,2,2026-03-08,2026-03-08
kishi,survivor,-0.17620564304006003,2,2026-03-08,2026-03-08
luxian,survivor,-0.17620564304006003,2,2026-03-08,2026-03-08
keserabi,survivor,-0.17671984335158913,20,2022-12-03,2026-03-15
rum,survivor,-0.17801095518932242,10,2025-02-23,2026-03-02
wolf(kon),survivor,-0.17801095518932242,10,2025-02-23,2026-03-02
kuga,survivor,-0.18279548187132913,17,2022-08-19,2026-03-08
nishidax,survivor,-0.18438867857654148,6,2026-02-27,2026-03-07
poarunna,survivor,-0.18438867857654148,6,2026-02-27,2026-03-07
raizn,survivor,-0.18438867857654148,6,2026-02-27,2026-03-07
zz,survivor,-0.18869789208551674,2,2026-04-15,2026-04-15
you0,survivor,-0.1899235714982164,16,2021-03-13,2026-03-01
six,survivor,-0.19164073709640184,15,2026-02-28,2026-04-17
green,survivor,-0.1982512753514781,47,2021-02-28,2026-05-01
bye,survivor,-0.2027732149288843,23,2025-11-14,2026-04-19
rolend,survivor,-0.20554665595551558,82,2021-02-28,2026-05-01
schmiddy,survivor,-0.20591446846372888,83,2021-02-28,2026-05-01
147,survivor,-0.20868102553481532,5,2026-03-01,2026-03-01
luv4rent,survivor,-0.20868102553481532,5,2026-03-01,2026-03-01
myme,survivor,-0.21111028716483746,89,2022-12-03,2026-03-06
ss,survivor,-0.21119495360789028,19,2025-03-07,2026-03-07
yu,survivor,-0.21199559536397605,10,2022-02-26,2026-03-01
alfa,survivor,-0.21307220240409935,25,2023-02-19,2026-03-07
babytop,survivor,-0.2275359961267317,13,2021-08-08,2026-04-17
lightning,survivor,-0.2275359961267317,13,2026-03-07,2026-04-17
520,survivor,-0.22928808948998358,39,2025-02-21,2025-06-15
aqua,survivor,-0.23837110041492676,15,2025-02-23,2025-04-19
dis,survivor,-0.23842865124429719,260,2021-12-17,2025-03-23
dragon,survivor,-0.24209909476166552,73,2024-10-05,2025-08-08
uu,survivor,-0.24338093854022716,7,2025-02-22,2026-03-01
pp,survivor,-0.2438513046534959,31,2024-08-24,2026-04-18
yuki,survivor,-0.2439953846408142,35,2021-03-06,2026-04-18
bbb,survivor,-0.24480535308637827,6,2026-02-28,2026-03-01
dfg,survivor,-0.24480535308637827,6,2026-02-28,2026-03-01
nicki,survivor,-0.24480535308637827,6,2026-02-28,2026-03-01
ozi,survivor,-0.24480535308637827,6,2026-02-28,2026-03-01
kb,survivor,-0.24662531433619342,11,2026-04-10,2026-04-19
wei,survivor,-0.24865076056606294,21,2025-10-11,2026-03-22
kokuryu,survivor,-0.25119229680645977,6,2026-02-27,2026-03-07
dahai,survivor,-0.2514601809108482,32,2025-03-06,2026-03-08
dango,survivor,-0.25156281195787333,16,2024-03-09,2026-03-07
miaopai,survivor,-0.25682662349001584,15,2023-02-25,2026-04-18
wgu,survivor,-0.26139941348047485,4,2026-02-28,2026-02-28
allen,survivor,-0.262056399779826,17,2021-11-13,2026-04-18
coo1,survivor,-0.262056399779826,17,2026-02-28,2026-04-18
cute,survivor,-0.262056399779826,17,2026-02-28,2026-04-18
zyuan,survivor,-0.262056399779826,17,2026-02-28,2026-04-18
nach,survivor,-0.2788291800358289,75,2025-05-31,2025-12-07
paulblems,survivor,-0.28127140133049383,62,2021-02-28,2026-04-19
juan,survivor,-0.2848178732329186,43,2024-03-16,2026-04-19
yihua,survivor,-0.33063610184749387,668,2020-11-12,2025-12-31
neko,survivor,-0.35118432637649866,16,2021-03-07,2026-02-28
riz,survivor,-0.36089963205812164,25,2022-12-03,2026-04-17
yui,survivor,-0.37053769799830377,13,2020-10-10,2026-02-28
jiala,survivor,-0.4835198688578124,9,2024-08-24,2026-04-17
ego,survivor,-0.49553073110931306,19,2025-04-11,2026-03-07
nary,survivor,-0.5742036505232166,18,2026-02-28,2026-04-17
phr,survivor,-0.5742036505232166,18,2026-02-28,2026-04-17
saber,survivor,-0.5742036505232166,18,2026-02-28,2026-04-17
sol,survivor,-0.636537028650998,21,2025-03-01,2026-04-17
