tau_post,alpha,tau_pre,shift_date,fold,test_period,rmse,null_rmse,r2
30.0,0.2,110.0,2023-01-01,1,2021,1.166095771016142,1.1855754399729566,0.03259115762030562
30.0,0.2,110.0,2023-01-01,2,2022,1.0889762285881477,1.1204102592069434,0.055324514538761194
30.0,0.2,110.0,2023-01-01,3,2023,1.1063894018194043,1.092687291607887,-0.025236902391066574
30.0,0.2,110.0,2023-01-01,4,2024,1.1266586258638558,1.1606641160121933,0.05773821744213836
30.0,0.2,110.0,2023-01-01,5,2025,1.0869476882650213,1.1455956444273754,0.09976772553076085
30.0,0.4,110.0,2023-01-01,1,2021,1.1651379750016635,1.1855754399729566,0.0341797060466128
30.0,0.4,110.0,2023-01-01,2,2022,1.0873334937964159,1.1204102592069434,0.05817247531556846
30.0,0.4,110.0,2023-01-01,3,2023,1.1032880304831099,1.092687291607887,-0.019497180303586603
30.0,0.4,110.0,2023-01-01,4,2024,1.1265901125059823,1.1606641160121933,0.05785281392119579
30.0,0.4,110.0,2023-01-01,5,2025,1.0868667578365279,1.1455956444273754,0.09990177700755432
30.0,0.6,110.0,2023-01-01,1,2021,1.1650214848506264,1.1855754399729566,0.03437282124849472
30.0,0.6,110.0,2023-01-01,2,2022,1.087438596194522,1.1204102592069434,0.05799039113228632
30.0,0.6,110.0,2023-01-01,3,2023,1.1015971379162983,1.092687291607887,-0.016374624511076297
30.0,0.6,110.0,2023-01-01,4,2024,1.1265382674667166,1.1606641160121933,0.05793952608632014
30.0,0.6,110.0,2023-01-01,5,2025,1.086788562420025,1.1455956444273754,0.1000312887863164
30.0,0.8,110.0,2023-01-01,1,2021,1.1653370497169895,1.1855754399729566,0.033849638999107645
30.0,0.8,110.0,2023-01-01,2,2022,1.0880294183048693,1.1204102592069434,0.05696649644828611
30.0,0.8,110.0,2023-01-01,3,2023,1.1005928135430156,1.092687291607887,-0.014522215031145258
30.0,0.8,110.0,2023-01-01,4,2024,1.1264928270488936,1.1606641160121933,0.05801552307538693
30.0,0.8,110.0,2023-01-01,5,2025,1.0867129973842737,1.1455956444273754,0.10015643512284478
30.0,1.0,110.0,2023-01-01,1,2021,1.1659024851489093,1.1855754399729566,0.03291183618680438
30.0,1.0,110.0,2023-01-01,2,2022,1.0888132608261138,1.1204102592069434,0.055607239039197065
30.0,1.0,110.0,2023-01-01,3,2023,1.1000139687891919,1.092687291607887,-0.013455341932393727
30.0,1.0,110.0,2023-01-01,4,2024,1.1264498958705274,1.1606641160121933,0.05808732066170552
30.0,1.0,110.0,2023-01-01,5,2025,1.086639962246379,1.1455956444273754,0.10027738332271241
57.0,0.2,110.0,2023-01-01,1,2021,1.166095771016142,1.1855754399729566,0.03259115762030562
57.0,0.2,110.0,2023-01-01,2,2022,1.0889762285881477,1.1204102592069434,0.055324514538761194
57.0,0.2,110.0,2023-01-01,3,2023,1.105981409373711,1.092687291607887,-0.02448090854953211
57.0,0.2,110.0,2023-01-01,4,2024,1.1233844965859188,1.1606641160121933,0.06320678459562945
57.0,0.2,110.0,2023-01-01,5,2025,1.0692682759685304,1.1455956444273754,0.12881446394351592
57.0,0.4,110.0,2023-01-01,1,2021,1.1651379750016635,1.1855754399729566,0.0341797060466128
57.0,0.4,110.0,2023-01-01,2,2022,1.0873334937964159,1.1204102592069434,0.05817247531556846
57.0,0.4,110.0,2023-01-01,3,2023,1.1029692486766238,1.092687291607887,-0.018908122520202353
57.0,0.4,110.0,2023-01-01,4,2024,1.1235634451982381,1.1606641160121933,0.06290830941050285
57.0,0.4,110.0,2023-01-01,5,2025,1.0692142957838766,1.1455956444273754,0.1289024223541938
57.0,0.6,110.0,2023-01-01,1,2021,1.1650214848506264,1.1855754399729566,0.03437282124849472
57.0,0.6,110.0,2023-01-01,2,2022,1.087438596194522,1.1204102592069434,0.05799039113228632
57.0,0.6,110.0,2023-01-01,3,2023,1.101410204941875,1.092687291607887,-0.01602971110333562
57.0,0.6,110.0,2023-01-01,4,2024,1.123714323885,1.1606641160121933,0.06265661617964069
57.0,0.6,110.0,2023-01-01,5,2025,1.0691622068967905,1.1455956444273754,0.12898729476618376
57.0,0.8,110.0,2023-01-01,1,2021,1.1653370497169895,1.1855754399729566,0.033849638999107645
57.0,0.8,110.0,2023-01-01,2,2022,1.0880294183048693,1.1204102592069434,0.05696649644828611
57.0,0.8,110.0,2023-01-01,3,2023,1.1005118211320057,1.092687291607887,-0.014372903540425419
57.0,0.8,110.0,2023-01-01,4,2024,1.1238399034401678,1.1606641160121933,0.062447100753836304
57.0,0.8,110.0,2023-01-01,5,2025,1.0691119332527685,1.1455956444273754,0.12906920554246548
57.0,1.0,110.0,2023-01-01,1,2021,1.1659024851489093,1.1855754399729566,0.03291183618680438
57.0,1.0,110.0,2023-01-01,2,2022,1.0888132608261138,1.1204102592069434,0.055607239039197065
57.0,1.0,110.0,2023-01-01,3,2023,1.1000106411472192,1.092687291607887,-0.01344921035310831
57.0,1.0,110.0,2023-01-01,4,2024,1.1239437013651288,1.1606641160121933,0.06227390786534215
57.0,1.0,110.0,2023-01-01,5,2025,1.0690634020344625,1.1455956444273754,0.1291482737332882
88.0,0.2,110.0,2023-01-01,1,2021,1.166095771016142,1.1855754399729566,0.03259115762030562
88.0,0.2,110.0,2023-01-01,2,2022,1.0889762285881477,1.1204102592069434,0.055324514538761194
88.0,0.2,110.0,2023-01-01,3,2023,1.105870707305199,1.092687291607887,-0.024275830093728246
88.0,0.2,110.0,2023-01-01,4,2024,1.1224201128157545,1.1606641160121933,0.06481449842104381
88.0,0.2,110.0,2023-01-01,5,2025,1.063958456770498,1.1455956444273754,0.13744532337234683
88.0,0.4,110.0,2023-01-01,1,2021,1.1651379750016635,1.1855754399729566,0.0341797060466128
88.0,0.4,110.0,2023-01-01,2,2022,1.0873334937964159,1.1204102592069434,0.05817247531556846
88.0,0.4,110.0,2023-01-01,3,2023,1.1028620219073795,1.092687291607887,-0.018710022862191034
88.0,0.4,110.0,2023-01-01,4,2024,1.1225839141259264,1.1606641160121933,0.06454152436039606
88.0,0.4,110.0,2023-01-01,5,2025,1.0639253259692578,1.1455956444273754,0.13749904103854715
88.0,0.6,110.0,2023-01-01,1,2021,1.1650214848506264,1.1855754399729566,0.03437282124849472
88.0,0.6,110.0,2023-01-01,2,2022,1.087438596194522,1.1204102592069434,0.05799039113228632
88.0,0.6,110.0,2023-01-01,3,2023,1.1013414064071423,1.092687291607887,-0.015902784419898897
88.0,0.6,110.0,2023-01-01,4,2024,1.1227358012053685,1.1606641160121933,0.06428836971227403
88.0,0.6,110.0,2023-01-01,5,2025,1.0638930306995042,1.1455956444273754,0.1375514023794987
88.0,0.8,110.0,2023-01-01,1,2021,1.1653370497169895,1.1855754399729566,0.033849638999107645
88.0,0.8,110.0,2023-01-01,2,2022,1.0880294183048693,1.1204102592069434,0.05696649644828611
88.0,0.8,110.0,2023-01-01,3,2023,1.1004786824477835,1.092687291607887,-0.014311814733235506
88.0,0.8,110.0,2023-01-01,4,2024,1.1228744512781963,1.1606641160121933,0.06405724766856025
88.0,0.8,110.0,2023-01-01,5,2025,1.06386155138652,1.1455956444273754,0.1376024392542533
88.0,1.0,110.0,2023-01-01,1,2021,1.1659024851489093,1.1855754399729566,0.03291183618680438
88.0,1.0,110.0,2023-01-01,2,2022,1.0888132608261138,1.1204102592069434,0.055607239039197065
88.0,1.0,110.0,2023-01-01,3,2023,1.1000053415605286,1.092687291607887,-0.013439445267557026
88.0,1.0,110.0,2023-01-01,4,2024,1.1229999736772631,1.1606641160121933,0.06384798412003645
88.0,1.0,110.0,2023-01-01,5,2025,1.0638308680436939,1.1455956444273754,0.13765218418278014
110.0,0.2,110.0,2023-01-01,1,2021,1.166095771016142,1.1855754399729566,0.03259115762030562
110.0,0.2,110.0,2023-01-01,2,2022,1.0889762285881477,1.1204102592069434,0.055324514538761194
110.0,0.2,110.0,2023-01-01,3,2023,1.1058381286267627,1.092687291607887,-0.02421548115573935
110.0,0.2,110.0,2023-01-01,4,2024,1.1226975772373753,1.1606641160121933,0.06435208194541842
110.0,0.2,110.0,2023-01-01,5,2025,1.0631740969756818,1.1455956444273754,0.13871662080750935
110.0,0.4,110.0,2023-01-01,1,2021,1.1651379750016635,1.1855754399729566,0.0341797060466128
110.0,0.4,110.0,2023-01-01,2,2022,1.0873334937964159,1.1204102592069434,0.05817247531556846
110.0,0.4,110.0,2023-01-01,3,2023,1.1028261703500597,1.092687291607887,-0.0186437920075202
110.0,0.4,110.0,2023-01-01,4,2024,1.1228213331234393,1.1606641160121933,0.0641457960828472
110.0,0.4,110.0,2023-01-01,5,2025,1.063152725020243,1.1455956444273754,0.1387512475446362
110.0,0.6,110.0,2023-01-01,1,2021,1.1650214848506264,1.1855754399729566,0.03437282124849472
110.0,0.6,110.0,2023-01-01,2,2022,1.087438596194522,1.1204102592069434,0.05799039113228632
110.0,0.6,110.0,2023-01-01,3,2023,1.1013175479117412,1.092687291607887,-0.01585876964076771
110.0,0.6,110.0,2023-01-01,4,2024,1.1229426614854296,1.1606641160121933,0.06394353453159685
110.0,0.6,110.0,2023-01-01,5,2025,1.063131766735563,1.1455956444273754,0.13878520337843814
110.0,0.8,110.0,2023-01-01,1,2021,1.1653370497169895,1.1855754399729566,0.033849638999107645
110.0,0.8,110.0,2023-01-01,2,2022,1.0880294183048693,1.1204102592069434,0.05696649644828611
110.0,0.8,110.0,2023-01-01,3,2023,1.1004668976329866,1.092687291607887,-0.01429009070882703
110.0,0.8,110.0,2023-01-01,4,2024,1.1230586730494687,1.1606641160121933,0.06375011595784319
110.0,0.8,110.0,2023-01-01,5,2025,1.0631112160074911,1.1455956444273754,0.1388184982541828
110.0,1.0,110.0,2023-01-01,1,2021,1.1659024851489093,1.1855754399729566,0.03291183618680438
110.0,1.0,110.0,2023-01-01,2,2022,1.0888132608261138,1.1204102592069434,0.055607239039197065
110.0,1.0,110.0,2023-01-01,3,2023,1.1000032746364343,1.092687291607887,-0.013435636739797419
110.0,1.0,110.0,2023-01-01,4,2024,1.1231680430967206,1.1606641160121933,0.06356775205725806
110.0,1.0,110.0,2023-01-01,5,2025,1.0630910662805264,1.1455956444273754,0.13885114283062883
169.0,0.2,110.0,2023-01-01,1,2021,1.166095771016142,1.1855754399729566,0.03259115762030562
169.0,0.2,110.0,2023-01-01,2,2022,1.0889762285881477,1.1204102592069434,0.055324514538761194
169.0,0.2,110.0,2023-01-01,3,2023,1.1058004482150703,1.092687291607887,-0.02414568395398886
169.0,0.2,110.0,2023-01-01,4,2024,1.1239316774344212,1.1606641160121933,0.06229397131376946
169.0,0.2,110.0,2023-01-01,5,2025,1.0634499011384888,1.1455956444273754,0.13826970180610132
169.0,0.4,110.0,2023-01-01,1,2021,1.1651379750016635,1.1855754399729566,0.0341797060466128
169.0,0.4,110.0,2023-01-01,2,2022,1.0873334937964159,1.1204102592069434,0.05817247531556846
169.0,0.4,110.0,2023-01-01,3,2023,1.102779841346652,1.092687291607887,-0.01855820869128877
169.0,0.4,110.0,2023-01-01,4,2024,1.1239763568814394,1.1606641160121933,0.06221941692507449
169.0,0.4,110.0,2023-01-01,5,2025,1.063438749402009,1.1455956444273754,0.13828777456873165
169.0,0.6,110.0,2023-01-01,1,2021,1.1650214848506264,1.1855754399729566,0.03437282124849472
169.0,0.6,110.0,2023-01-01,2,2022,1.087438596194522,1.1204102592069434,0.05799039113228632
169.0,0.6,110.0,2023-01-01,3,2023,1.1012859378592474,1.092687291607887,-0.015800456053982614
169.0,0.6,110.0,2023-01-01,4,2024,1.124030774648438,1.1606641160121933,0.06212860867929848
169.0,0.6,110.0,2023-01-01,5,2025,1.0634277417981166,1.1455956444273754,0.13830561356088933
169.0,0.8,110.0,2023-01-01,1,2021,1.1653370497169895,1.1855754399729566,0.033849638999107645
169.0,0.8,110.0,2023-01-01,2,2022,1.0880294183048693,1.1204102592069434,0.05696649644828611
169.0,0.8,110.0,2023-01-01,3,2023,1.100451117867524,1.092687291607887,-0.014261002791642552
169.0,0.8,110.0,2023-01-01,4,2024,1.1240907534042441,1.1606641160121933,0.06202851558353761
169.0,0.8,110.0,2023-01-01,5,2025,1.0634168748390953,1.1455956444273754,0.138323224441956
169.0,1.0,110.0,2023-01-01,1,2021,1.1659024851489093,1.1855754399729566,0.03291183618680438
169.0,1.0,110.0,2023-01-01,2,2022,1.0888132608261138,1.1204102592069434,0.055607239039197065
169.0,1.0,110.0,2023-01-01,3,2023,1.1000005256154024,1.092687291607887,-0.013430571386878976
169.0,1.0,110.0,2023-01-01,4,2024,1.1241535838254852,1.1606641160121933,0.0619236578746436
169.0,1.0,110.0,2023-01-01,5,2025,1.0634061453101495,1.1455956444273754,0.1383406124287042
324.0,0.2,110.0,2023-01-01,1,2021,1.166095771016142,1.1855754399729566,0.03259115762030562
324.0,0.2,110.0,2023-01-01,2,2022,1.0889762285881477,1.1204102592069434,0.055324514538761194
324.0,0.2,110.0,2023-01-01,3,2023,1.105774859672376,1.092687291607887,-0.024098286446799344
324.0,0.2,110.0,2023-01-01,4,2024,1.125859031338685,1.1606641160121933,0.05907519741101952
324.0,0.2,110.0,2023-01-01,5,2025,1.065584395825399,1.1455956444273754,0.13480700052054218
324.0,0.4,110.0,2023-01-01,1,2021,1.1651379750016635,1.1855754399729566,0.0341797060466128
324.0,0.4,110.0,2023-01-01,2,2022,1.0873334937964159,1.1204102592069434,0.05817247531556846
324.0,0.4,110.0,2023-01-01,3,2023,1.1027425655484555,1.092687291607887,-0.018489351922001518
324.0,0.4,110.0,2023-01-01,4,2024,1.1258294179295072,1.1606641160121933,0.05912469494837791
324.0,0.4,110.0,2023-01-01,5,2025,1.0655728478087678,1.1455956444273754,0.13482575306430544
324.0,0.6,110.0,2023-01-01,1,2021,1.1650214848506264,1.1855754399729566,0.03437282124849472
324.0,0.6,110.0,2023-01-01,2,2022,1.087438596194522,1.1204102592069434,0.05799039113228632
324.0,0.6,110.0,2023-01-01,3,2023,1.1012597292896409,1.092687291607887,-0.015752108282966137
324.0,0.6,110.0,2023-01-01,4,2024,1.1258161790031698,1.1606641160121933,0.059146822822139566
324.0,0.6,110.0,2023-01-01,5,2025,1.065561442169048,1.1455956444273754,0.13484427420617606
324.0,0.8,110.0,2023-01-01,1,2021,1.1653370497169895,1.1855754399729566,0.033849638999107645
324.0,0.8,110.0,2023-01-01,2,2022,1.0880294183048693,1.1204102592069434,0.05696649644828611
324.0,0.8,110.0,2023-01-01,3,2023,1.1004379509960613,1.092687291607887,-0.014236731719274642
324.0,0.8,110.0,2023-01-01,4,2024,1.1258151382478934,1.1606641160121933,0.05914856235559818
324.0,0.8,110.0,2023-01-01,5,2025,1.065550173147652,1.1455956444273754,0.1348625733045583
324.0,1.0,110.0,2023-01-01,1,2021,1.1659024851489093,1.1855754399729566,0.03291183618680438
324.0,1.0,110.0,2023-01-01,2,2022,1.0888132608261138,1.1204102592069434,0.055607239039197065
324.0,1.0,110.0,2023-01-01,3,2023,1.0999983988939461,1.092687291607887,-0.013426652693375063
324.0,1.0,110.0,2023-01-01,4,2024,1.125823260510586,1.1606641160121933,0.05913498664527428
324.0,1.0,110.0,2023-01-01,5,2025,1.0655390354863146,1.1455956444273754,0.13488065890494316
