half_life_days,fold,train_size,test_size,rmse,null_rmse,n_cold_start,tier
29.999999999999996,1,1146,1146,1.1684559349540997,1.1730689453038556,460,IVL
29.999999999999996,2,2292,1146,1.1270746395267854,1.0985473511517438,274,IVL
29.999999999999996,3,3438,1146,1.1687131244863158,1.0997381887384077,349,IVL
29.999999999999996,4,4584,1146,1.1009945064264746,1.1232898578336945,283,IVL
29.999999999999996,5,5730,1146,1.0469520090901505,1.100927738235691,416,IVL
37.24118099745335,1,1146,1146,1.1696478471563458,1.1730689453038556,460,IVL
37.24118099745335,2,2292,1146,1.1065929212835213,1.0985473511517438,274,IVL
37.24118099745335,3,3438,1146,1.1551029820380214,1.0997381887384077,349,IVL
37.24118099745335,4,4584,1146,1.0980601759846378,1.1232898578336945,283,IVL
37.24118099745335,5,5730,1146,1.0485796075250386,1.100927738235691,416,IVL
46.23018540283602,1,1146,1146,1.1706756665805258,1.1730689453038556,460,IVL
46.23018540283602,2,2292,1146,1.0897979433509175,1.0985473511517438,274,IVL
46.23018540283602,3,3438,1146,1.1413774290281256,1.0997381887384077,349,IVL
46.23018540283602,4,4584,1146,1.0945444164469755,1.1232898578336945,283,IVL
46.23018540283602,5,5730,1146,1.0507610164628585,1.100927738235691,416,IVL
57.38889007109474,1,1146,1146,1.1714539716776535,1.1730689453038556,460,IVL
57.38889007109474,2,2292,1146,1.0801289454304501,1.0985473511517438,274,IVL
57.38889007109474,3,3438,1146,1.1322337573271675,1.0997381887384077,349,IVL
57.38889007109474,4,4584,1146,1.0913792162305962,1.1232898578336945,283,IVL
57.38889007109474,5,5730,1146,1.0529914765171837,1.100927738235691,416,IVL
71.24100141268643,1,1146,1146,1.1719731757038028,1.1730689453038556,460,IVL
71.24100141268643,2,2292,1146,1.0755338428324686,1.0985473511517438,274,IVL
71.24100141268643,3,3438,1146,1.1281935056311836,1.0997381887384077,349,IVL
71.24100141268643,4,4584,1146,1.089096810414248,1.1232898578336945,283,IVL
71.24100141268643,5,5730,1146,1.0548721073808351,1.100927738235691,416,IVL
88.43663426832285,1,1146,1146,1.1722779740343492,1.1730689453038556,460,IVL
88.43663426832285,2,2292,1146,1.0729761294380835,1.0985473511517438,274,IVL
88.43663426832285,3,3438,1146,1.1275446473590134,1.0997381887384077,349,IVL
88.43663426832285,4,4584,1146,1.0875557305991213,1.1232898578336945,283,IVL
88.43663426832285,5,5730,1146,1.0563431296885042,1.100927738235691,416,IVL
109.78282345307318,1,1146,1146,1.1724321646575953,1.1730689453038556,460,IVL
109.78282345307318,2,2292,1146,1.0711126643905946,1.0985473511517438,274,IVL
109.78282345307318,3,3438,1146,1.1286374467424742,1.0997381887384077,349,IVL
109.78282345307318,4,4584,1146,1.0864806594581937,1.1232898578336945,283,IVL
109.78282345307318,5,5730,1146,1.0576193734801829,1.100927738235691,416,IVL
136.2813999542456,1,1146,1146,1.1724935110358432,1.1730689453038556,460,IVL
136.2813999542456,2,2292,1146,1.0698891116791682,1.0985473511517438,274,IVL
136.2813999542456,3,3438,1146,1.1304739428294404,1.0997381887384077,349,IVL
136.2813999542456,4,4584,1146,1.0857277439695654,1.1232898578336945,283,IVL
136.2813999542456,5,5730,1146,1.0588198820176933,1.100927738235691,416,IVL
169.17600940941313,1,1146,1146,1.172504031482628,1.1730689453038556,460,IVL
169.17600940941313,2,2292,1146,1.0693870543222468,1.0985473511517438,274,IVL
169.17600940941313,3,3438,1146,1.1325246904485335,1.0997381887384077,349,IVL
169.17600940941313,4,4584,1146,1.0852459787068771,1.1232898578336945,283,IVL
169.17600940941313,5,5730,1146,1.0598706910388949,1.100927738235691,416,IVL
210.01047956142742,1,1146,1146,1.1724902716971104,1.1730689453038556,460,IVL
210.01047956142742,2,2292,1146,1.0694821415941307,1.0985473511517438,274,IVL
210.01047956142742,3,3438,1146,1.1344871000242729,1.0997381887384077,349,IVL
210.01047956142742,4,4584,1146,1.0850408401521279,1.1232898578336945,283,IVL
210.01047956142742,5,5730,1146,1.060771107433436,1.100927738235691,416,IVL
260.7012760236364,1,1146,1146,1.1724672854671487,1.1730689453038556,460,IVL
260.7012760236364,2,2292,1146,1.0699859600386827,1.0985473511517438,274,IVL
260.7012760236364,3,3438,1146,1.136232518960828,1.0997381887384077,349,IVL
260.7012760236364,4,4584,1146,1.085145424269438,1.1232898578336945,283,IVL
260.7012760236364,5,5730,1146,1.0615963934647787,1.100927738235691,416,IVL
323.62744688877655,1,1146,1146,1.1724427864767202,1.1730689453038556,460,IVL
323.62744688877655,2,2292,1146,1.0707328962796079,1.0985473511517438,274,IVL
323.62744688877655,3,3438,1146,1.1377709229011348,1.0997381887384077,349,IVL
323.62744688877655,4,4584,1146,1.0855631373482748,1.1232898578336945,283,IVL
323.62744688877655,5,5730,1146,1.0623569491698934,1.100927738235691,416,IVL
401.7422775109552,1,1146,1146,1.1724202563393658,1.1730689453038556,460,IVL
401.7422775109552,2,2292,1146,1.0715962412188962,1.0985473511517438,274,IVL
401.7422775109552,3,3438,1146,1.1391535258908094,1.0997381887384077,349,IVL
401.7422775109552,4,4584,1146,1.0862467444834494,1.1232898578336945,283,IVL
401.7422775109552,5,5730,1146,1.0630191825929665,1.100927738235691,416,IVL
498.7118957038203,1,1146,1146,1.172400934363747,1.1730689453038556,460,IVL
498.7118957038203,2,2292,1146,1.0724864626952146,1.0985473511517438,274,IVL
498.7118957038203,3,3438,1146,1.1404143310625257,1.0997381887384077,349,IVL
498.7118957038203,4,4584,1146,1.087112733210211,1.1232898578336945,283,IVL
498.7118957038203,5,5730,1146,1.0635758338322445,1.100927738235691,416,IVL
619.0873324496347,1,1146,1146,1.1723849728305227,1.1730689453038556,460,IVL
619.0873324496347,2,2292,1146,1.07334507792659,1.0985473511517438,274,IVL
619.0873324496347,3,3438,1146,1.1415649104082335,1.0997381887384077,349,IVL
619.0873324496347,4,4584,1146,1.0880689924740183,1.1232898578336945,283,IVL
619.0873324496347,5,5730,1146,1.064044807254118,1.100927738235691,416,IVL
768.5181133662479,1,1146,1146,1.172372059810657,1.1730689453038556,460,IVL
768.5181133662479,2,2292,1146,1.0741375062964968,1.0985473511517438,274,IVL
768.5181133662479,3,3438,1146,1.1426053067194846,1.0997381887384077,349,IVL
768.5181133662479,4,4584,1146,1.0890378060452943,1.1232898578336945,283,IVL
768.5181133662479,5,5730,1146,1.0644458392020175,1.100927738235691,416,IVL
954.0174053231276,1,1146,1146,1.1723617323276856,1.1730689453038556,460,IVL
954.0174053231276,2,2292,1146,1.0748464240293374,1.0985473511517438,274,IVL
954.0174053231276,3,3438,1146,1.1435331364206611,1.0997381887384077,349,IVL
954.0174053231276,4,4584,1146,1.0899643672756254,1.1232898578336945,283,IVL
954.0174053231276,5,5730,1146,1.0647928151713741,1.100927738235691,416,IVL
1184.2911622119798,1,1146,1146,1.1723535210443372,1.1730689453038556,460,IVL
1184.2911622119798,2,2292,1146,1.0754662370853962,1.0985473511517438,274,IVL
1184.2911622119798,3,3438,1146,1.144348257430123,1.0997381887384077,349,IVL
1184.2911622119798,4,4584,1146,1.0908154249260014,1.1232898578336945,283,IVL
1184.2911622119798,5,5730,1146,1.0650945649393684,1.100927738235691,416,IVL
1470.1467175206903,1,1146,1146,1.172347008460423,1.1730689453038556,460,IVL
1470.1467175206903,2,2292,1146,1.0759988047917177,1.0985473511517438,274,IVL
1470.1467175206903,3,3438,1146,1.1450542099589431,1.0997381887384077,349,IVL
1470.1467175206903,4,4584,1146,1.091574475417321,1.1232898578336945,283,IVL
1470.1467175206903,5,5730,1146,1.065356771918009,1.100927738235691,416,IVL
1824.9999999999995,1,1146,1146,1.1723418454379995,1.1730689453038556,460,IVL
1824.9999999999995,2,2292,1146,1.0764503167463666,1.0985473511517438,274,IVL
1824.9999999999995,3,3438,1146,1.14565789215811,1.0997381887384077,349,IVL
1824.9999999999995,4,4584,1146,1.092236721449273,1.1232898578336945,283,IVL
1824.9999999999995,5,5730,1146,1.0655834690750114,1.100927738235691,416,IVL
29.999999999999996,1,175,174,1.2178697204485258,1.2010531776870597,69,IJL
29.999999999999996,2,349,174,1.0815021680305414,1.186611131336418,4,IJL
29.999999999999996,3,523,174,1.1053243495784155,1.1421898708837446,12,IJL
29.999999999999996,4,697,174,1.131520685908812,1.1670771035014103,2,IJL
29.999999999999996,5,871,174,1.068589413287103,1.2270888828592579,3,IJL
37.24118099745335,1,175,174,1.2200774062323305,1.2010531776870597,69,IJL
37.24118099745335,2,349,174,1.0783065166923975,1.186611131336418,4,IJL
37.24118099745335,3,523,174,1.1065418770480548,1.1421898708837446,12,IJL
37.24118099745335,4,697,174,1.1211163693186883,1.1670771035014103,2,IJL
37.24118099745335,5,871,174,1.0628017951096724,1.2270888828592579,3,IJL
46.23018540283602,1,175,174,1.221878148533681,1.2010531776870597,69,IJL
46.23018540283602,2,349,174,1.072526463670019,1.186611131336418,4,IJL
46.23018540283602,3,523,174,1.1074062647317164,1.1421898708837446,12,IJL
46.23018540283602,4,697,174,1.1155433578657987,1.1670771035014103,2,IJL
46.23018540283602,5,871,174,1.0592868928117383,1.2270888828592579,3,IJL
57.38889007109474,1,175,174,1.223342268362268,1.2010531776870597,69,IJL
57.38889007109474,2,349,174,1.0631199422160076,1.186611131336418,4,IJL
57.38889007109474,3,523,174,1.107905595719365,1.1421898708837446,12,IJL
57.38889007109474,4,697,174,1.1125205774176596,1.1670771035014103,2,IJL
57.38889007109474,5,871,174,1.0584294751158903,1.2270888828592579,3,IJL
71.24100141268643,1,175,174,1.2245300045543566,1.2010531776870597,69,IJL
71.24100141268643,2,349,174,1.0504017067044786,1.186611131336418,4,IJL
71.24100141268643,3,523,174,1.1081453653751685,1.1421898708837446,12,IJL
71.24100141268643,4,697,174,1.1103749452468215,1.1670771035014103,2,IJL
71.24100141268643,5,871,174,1.0595027253493297,1.2270888828592579,3,IJL
88.43663426832285,1,175,174,1.2254919501482544,1.2010531776870597,69,IJL
88.43663426832285,2,349,174,1.0362665339437271,1.186611131336418,4,IJL
88.43663426832285,3,523,174,1.1083754256855978,1.1421898708837446,12,IJL
88.43663426832285,4,697,174,1.1082637684306202,1.1670771035014103,2,IJL
88.43663426832285,5,871,174,1.0615143854413969,1.2270888828592579,3,IJL
109.78282345307318,1,175,174,1.2262700809810523,1.2010531776870597,69,IJL
109.78282345307318,2,349,174,1.0229963514980533,1.186611131336418,4,IJL
109.78282345307318,3,523,174,1.1088843545879403,1.1421898708837446,12,IJL
109.78282345307318,4,697,174,1.1059751675014418,1.1670771035014103,2,IJL
109.78282345307318,5,871,174,1.0636951553276563,1.2270888828592579,3,IJL
136.2813999542456,1,175,174,1.2268989451023888,1.2010531776870597,69,IJL
136.2813999542456,2,349,174,1.0122567183068483,1.186611131336418,4,IJL
136.2813999542456,3,523,174,1.1098385314949777,1.1421898708837446,12,IJL
136.2813999542456,4,697,174,1.1036357096843001,1.1670771035014103,2,IJL
136.2813999542456,5,871,174,1.0656217164516764,1.2270888828592579,3,IJL
169.17600940941313,1,175,174,1.227406821017744,1.2010531776870597,69,IJL
169.17600940941313,2,349,174,1.0045920262759036,1.186611131336418,4,IJL
169.17600940941313,3,523,174,1.1112277912065764,1.1421898708837446,12,IJL
169.17600940941313,4,697,174,1.101454888807814,1.1670771035014103,2,IJL
169.17600940941313,5,871,174,1.0671514910932998,1.2270888828592579,3,IJL
210.01047956142742,1,175,174,1.2278167652620982,1.2010531776870597,69,IJL
210.01047956142742,2,349,174,0.9996401826817739,1.186611131336418,4,IJL
210.01047956142742,3,523,174,1.1129244033203942,1.1421898708837446,12,IJL
210.01047956142742,4,697,174,1.099585307483376,1.1670771035014103,2,IJL
210.01047956142742,5,871,174,1.0682996094007393,1.2270888828592579,3,IJL
260.7012760236364,1,175,174,1.2281475234547419,1.2010531776870597,69,IJL
260.7012760236364,2,349,174,0.9966847146366618,1.186611131336418,4,IJL
260.7012760236364,3,523,174,1.1147653560579311,1.1421898708837446,12,IJL
260.7012760236364,4,697,174,1.098087978324444,1.1670771035014103,2,IJL
260.7012760236364,5,871,174,1.0691406046182366,1.2270888828592579,3,IJL
323.62744688877655,1,175,174,1.228414304338205,1.2010531776870597,69,IJL
323.62744688877655,2,349,174,0.9950436730368011,1.186611131336418,4,IJL
323.62744688877655,3,523,174,1.1166068257283994,1.1421898708837446,12,IJL
323.62744688877655,4,697,174,1.0969514002564087,1.1670771035014103,2,IJL
323.62744688877655,5,871,174,1.069755413988764,1.2270888828592579,3,IJL
401.7422775109552,1,175,174,1.2286294276370027,1.2010531776870597,69,IJL
401.7422775109552,2,349,174,0.9942080488479985,1.186611131336418,4,IJL
401.7422775109552,3,523,174,1.1183462608637758,1.1421898708837446,12,IJL
401.7422775109552,4,697,174,1.096124117168789,1.1670771035014103,2,IJL
401.7422775109552,5,871,174,1.0702106183305347,1.2270888828592579,3,IJL
498.7118957038203,1,175,174,1.2288028608625214,1.2010531776870597,69,IJL
498.7118957038203,2,349,174,0.9938409727556946,1.186611131336418,4,IJL
498.7118957038203,3,523,174,1.1199233662055852,1.1421898708837446,12,IJL
498.7118957038203,4,697,174,1.0955415116950988,1.1670771035014103,2,IJL
498.7118957038203,5,871,174,1.0705544702982768,1.2270888828592579,3,IJL
619.0873324496347,1,175,174,1.228942660975721,1.2010531776870597,69,IJL
619.0873324496347,2,349,174,0.993733963780517,1.186611131336418,4,IJL
619.0873324496347,3,523,174,1.1213115471848685,1.1421898708837446,12,IJL
619.0873324496347,4,697,174,1.0951419153382729,1.1670771035014103,2,IJL
619.0873324496347,5,871,174,1.0708197408953883,1.2270888828592579,3,IJL
768.5181133662479,1,175,174,1.2290553359352365,1.2010531776870597,69,IJL
768.5181133662479,2,349,174,0.993763220172275,1.186611131336418,4,IJL
768.5181133662479,3,523,174,1.1225072892367562,1.1421898708837446,12,IJL
768.5181133662479,4,697,174,1.094873769328371,1.1670771035014103,2,IJL
768.5181133662479,5,871,174,1.0710281269733548,1.2270888828592579,3,IJL
954.0174053231276,1,175,174,1.229146139565913,1.2010531776870597,69,IJL
954.0174053231276,2,349,174,0.9938574217601874,1.186611131336418,4,IJL
954.0174053231276,3,523,174,1.1235209874551297,1.1421898708837446,12,IJL
954.0174053231276,4,697,174,1.0946972321441804,1.1670771035014103,2,IJL
954.0174053231276,5,871,174,1.0711940575147851,1.2270888828592579,3,IJL
1184.2911622119798,1,175,174,1.2292193113798537,1.2010531776870597,69,IJL
1184.2911622119798,2,349,174,0.9939766785080854,1.186611131336418,4,IJL
1184.2911622119798,3,523,174,1.1243702380309277,1.1421898708837446,12,IJL
1184.2911622119798,4,697,174,1.0945830664052791,1.1670771035014103,2,IJL
1184.2911622119798,5,871,174,1.0713273843548752,1.2270888828592579,3,IJL
1470.1467175206903,1,175,174,1.2292782712180934,1.2010531776870597,69,IJL
1470.1467175206903,2,349,174,0.9940995269645607,1.186611131336418,4,IJL
1470.1467175206903,3,523,174,1.125075425730076,1.1421898708837446,12,IJL
1470.1467175206903,4,697,174,1.0945105732750098,1.1670771035014103,2,IJL
1470.1467175206903,5,871,174,1.071435099959688,1.2270888828592579,3,IJL
1824.9999999999995,1,175,174,1.2293257769710186,1.2010531776870597,69,IJL
1824.9999999999995,2,349,174,0.9942151268105927,1.186611131336418,4,IJL
1824.9999999999995,3,523,174,1.1256570654714237,1.1421898708837446,12,IJL
1824.9999999999995,4,697,174,1.0944654767922102,1.1670771035014103,2,IJL
1824.9999999999995,5,871,174,1.071522375769879,1.2270888828592579,3,IJL
29.999999999999996,1,199,196,1.1906482982246336,1.1909522857523618,87,COA
29.999999999999996,2,395,196,1.1612943705150807,1.1473127431577865,5,COA
29.999999999999996,3,591,196,1.3297225769824728,1.3151394742515692,184,COA
29.999999999999996,4,787,196,1.0823129827637714,1.178030178747903,110,COA
29.999999999999996,5,983,196,1.050083478997632,1.1823532398033463,2,COA
37.24118099745335,1,199,196,1.1907235565494676,1.1909522857523618,87,COA
37.24118099745335,2,395,196,1.1612420962862136,1.1473127431577865,5,COA
37.24118099745335,3,591,196,1.330524582693904,1.3151394742515692,184,COA
37.24118099745335,4,787,196,1.082643871059946,1.178030178747903,110,COA
37.24118099745335,5,983,196,1.0497969837037107,1.1823532398033463,2,COA
46.23018540283602,1,199,196,1.1908799096263178,1.1909522857523618,87,COA
46.23018540283602,2,395,196,1.1606025378921854,1.1473127431577865,5,COA
46.23018540283602,3,591,196,1.3309409739075293,1.3151394742515692,184,COA
46.23018540283602,4,787,196,1.0829016821697124,1.178030178747903,110,COA
46.23018540283602,5,983,196,1.048683579022663,1.1823532398033463,2,COA
57.38889007109474,1,199,196,1.191223581793385,1.1909522857523618,87,COA
57.38889007109474,2,395,196,1.1588720144334073,1.1473127431577865,5,COA
57.38889007109474,3,591,196,1.3307612797138797,1.3151394742515692,184,COA
57.38889007109474,4,787,196,1.083059288798776,1.178030178747903,110,COA
57.38889007109474,5,983,196,1.0459704978576774,1.1823532398033463,2,COA
71.24100141268643,1,199,196,1.1919019647902738,1.1909522857523618,87,COA
71.24100141268643,2,395,196,1.1557045123259895,1.1473127431577865,5,COA
71.24100141268643,3,591,196,1.3298793151200978,1.3151394742515692,184,COA
71.24100141268643,4,787,196,1.082951473947225,1.178030178747903,110,COA
71.24100141268643,5,983,196,1.0412885936312857,1.1823532398033463,2,COA
88.43663426832285,1,199,196,1.1930552452835974,1.1909522857523618,87,COA
88.43663426832285,2,395,196,1.1513160097563524,1.1473127431577865,5,COA
88.43663426832285,3,591,196,1.3284304078649085,1.3151394742515692,184,COA
88.43663426832285,4,787,196,1.0821237584262808,1.178030178747903,110,COA
88.43663426832285,5,983,196,1.0354226681144676,1.1823532398033463,2,COA
109.78282345307318,1,199,196,1.1947293919755229,1.1909522857523618,87,COA
109.78282345307318,2,395,196,1.1464593217222914,1.1473127431577865,5,COA
109.78282345307318,3,591,196,1.3266721296633501,1.3151394742515692,184,COA
109.78282345307318,4,787,196,1.0799604893893078,1.178030178747903,110,COA
109.78282345307318,5,983,196,1.0299183122498945,1.1823532398033463,2,COA
136.2813999542456,1,199,196,1.1968181930910928,1.1909522857523618,87,COA
136.2813999542456,2,395,196,1.1419490886470534,1.1473127431577865,5,COA
136.2813999542456,3,591,196,1.3248228713283523,1.3151394742515692,184,COA
136.2813999542456,4,787,196,1.0764138726726427,1.178030178747903,110,COA
136.2813999542456,5,983,196,1.0257849240413772,1.1823532398033463,2,COA
169.17600940941313,1,199,196,1.1991065030254857,1.1909522857523618,87,COA
169.17600940941313,2,395,196,1.1382977853704173,1.1473127431577865,5,COA
169.17600940941313,3,591,196,1.323005561917251,1.3151394742515692,184,COA
169.17600940941313,4,787,196,1.0723309515560888,1.178030178747903,110,COA
169.17600940941313,5,983,196,1.0229862511758983,1.1823532398033463,2,COA
210.01047956142742,1,199,196,1.201372496752105,1.1909522857523618,87,COA
210.01047956142742,2,395,196,1.135678516487272,1.1473127431577865,5,COA
210.01047956142742,3,591,196,1.3212601814320177,1.3151394742515692,184,COA
210.01047956142742,4,787,196,1.0687443266528087,1.178030178747903,110,COA
210.01047956142742,5,983,196,1.0211451704352816,1.1823532398033463,2,COA
260.7012760236364,1,199,196,1.2034588797154897,1.1909522857523618,87,COA
260.7012760236364,2,395,196,1.1340256677191627,1.1473127431577865,5,COA
260.7012760236364,3,591,196,1.3195959765959577,1.3151394742515692,184,COA
260.7012760236364,4,787,196,1.0662775305853331,1.178030178747903,110,COA
260.7012760236364,5,983,196,1.0203068259764396,1.1823532398033463,2,COA
323.62744688877655,1,199,196,1.2052866032382425,1.1909522857523618,87,COA
323.62744688877655,2,395,196,1.133146217561353,1.1473127431577865,5,COA
323.62744688877655,3,591,196,1.3180317828232746,1.3151394742515692,184,COA
323.62744688877655,4,787,196,1.0650152065945244,1.178030178747903,110,COA
323.62744688877655,5,983,196,1.0206717497722952,1.1823532398033463,2,COA
401.7422775109552,1,199,196,1.2068360252767767,1.1909522857523618,87,COA
401.7422775109552,2,395,196,1.1328129421850157,1.1473127431577865,5,COA
401.7422775109552,3,591,196,1.3165988006904026,1.3151394742515692,184,COA
401.7422775109552,4,787,196,1.064686688473422,1.178030178747903,110,COA
401.7422775109552,5,983,196,1.022066411623778,1.1823532398033463,2,COA
498.7118957038203,1,199,196,1.2081221502473298,1.1909522857523618,87,COA
498.7118957038203,2,395,196,1.1328242861753588,1.1473127431577865,5,COA
498.7118957038203,3,591,196,1.3153250658440376,1.3151394742515692,184,COA
498.7118957038203,4,787,196,1.0649363910444418,1.178030178747903,110,COA
498.7118957038203,5,983,196,1.024053002679585,1.1823532398033463,2,COA
619.0873324496347,1,199,196,1.2091757297419743,1.1909522857523618,87,COA
619.0873324496347,2,395,196,1.1330284433911075,1.1473127431577865,5,COA
619.0873324496347,3,591,196,1.3142241992706274,1.3151394742515692,184,COA
619.0873324496347,4,787,196,1.0654767619970127,1.178030178747903,110,COA
619.0873324496347,5,983,196,1.0262198562841582,1.1823532398033463,2,COA
768.5181133662479,1,199,196,1.2100318711714007,1.1909522857523618,87,COA
768.5181133662479,2,395,196,1.1333232605386498,1.1473127431577865,5,COA
768.5181133662479,3,591,196,1.3132941219425767,1.3151394742515692,184,COA
768.5181133662479,4,787,196,1.066120179224655,1.178030178747903,110,COA
768.5181133662479,5,983,196,1.0282946770654258,1.1823532398033463,2,COA
954.0174053231276,1,199,196,1.2107242358477097,1.1909522857523618,87,COA
954.0174053231276,2,395,196,1.1336457970361233,1.1473127431577865,5,COA
954.0174053231276,3,591,196,1.3125215233394074,1.3151394742515692,184,COA
954.0174053231276,4,787,196,1.066759900149835,1.178030178747903,110,COA
954.0174053231276,5,983,196,1.030137614449868,1.1823532398033463,2,COA
1184.2911622119798,1,199,196,1.2112826063319713,1.1909522857523618,87,COA
1184.2911622119798,2,395,196,1.1339603892592227,1.1473127431577865,5,COA
1184.2911622119798,3,591,196,1.3118873318221114,1.3151394742515692,184,COA
1184.2911622119798,4,787,196,1.0673430329248392,1.178030178747903,110,COA
1184.2911622119798,5,983,196,1.0317007474666355,1.1823532398033463,2,COA
1470.1467175206903,1,199,196,1.2117322344140622,1.1909522857523618,87,COA
1470.1467175206903,2,395,196,1.1342488764862815,1.1473127431577865,5,COA
1470.1467175206903,3,591,196,1.3113709085058787,1.3151394742515692,184,COA
1470.1467175206903,4,787,196,1.0678490106253795,1.178030178747903,110,COA
1470.1467175206903,5,983,196,1.032989105116076,1.1823532398033463,2,COA
1824.9999999999995,1,199,196,1.2120940241913207,1.1909522857523618,87,COA
1824.9999999999995,2,395,196,1.1345036766955905,1.1473127431577865,5,COA
1824.9999999999995,3,591,196,1.3109525651058351,1.3151394742515692,184,COA
1824.9999999999995,4,787,196,1.0682750387108353,1.178030178747903,110,COA
1824.9999999999995,5,983,196,1.03403269685249,1.1823532398033463,2,COA
