half_life_days,fold,train_size,test_size,rmse,null_rmse,n_cold_start,era
29.999999999999996,1,612,612,1.1883124632697764,1.1936651964881901,126,early (2020-2022)
29.999999999999996,2,1224,612,1.170875048874624,1.1771240015532263,213,early (2020-2022)
29.999999999999996,3,1836,612,1.161286343468067,1.1929805590951954,151,early (2020-2022)
29.999999999999996,4,2448,612,1.1524058193868278,1.1260434521851945,62,early (2020-2022)
29.999999999999996,5,3060,612,1.088920498806077,1.1033223742125002,130,early (2020-2022)
37.24118099745335,1,612,612,1.1862558423360583,1.1936651964881901,126,early (2020-2022)
37.24118099745335,2,1224,612,1.15814217711114,1.1771240015532263,213,early (2020-2022)
37.24118099745335,3,1836,612,1.1593241717959972,1.1929805590951954,151,early (2020-2022)
37.24118099745335,4,2448,612,1.1295929992257514,1.1260434521851945,62,early (2020-2022)
37.24118099745335,5,3060,612,1.0877912124263076,1.1033223742125002,130,early (2020-2022)
46.23018540283602,1,612,612,1.1863763543672443,1.1936651964881901,126,early (2020-2022)
46.23018540283602,2,1224,612,1.1517363445258855,1.1771240015532263,213,early (2020-2022)
46.23018540283602,3,1836,612,1.1569942433869773,1.1929805590951954,151,early (2020-2022)
46.23018540283602,4,2448,612,1.114006897555913,1.1260434521851945,62,early (2020-2022)
46.23018540283602,5,3060,612,1.086812463108765,1.1033223742125002,130,early (2020-2022)
57.38889007109474,1,612,612,1.1875117250463614,1.1936651964881901,126,early (2020-2022)
57.38889007109474,2,1224,612,1.1489451880900905,1.1771240015532263,213,early (2020-2022)
57.38889007109474,3,1836,612,1.1543223349914375,1.1929805590951954,151,early (2020-2022)
57.38889007109474,4,2448,612,1.104190162384012,1.1260434521851945,62,early (2020-2022)
57.38889007109474,5,3060,612,1.0858831038245964,1.1033223742125002,130,early (2020-2022)
71.24100141268643,1,612,612,1.1890165511316237,1.1936651964881901,126,early (2020-2022)
71.24100141268643,2,1224,612,1.1481505269489687,1.1771240015532263,213,early (2020-2022)
71.24100141268643,3,1836,612,1.1517248592084397,1.1929805590951954,151,early (2020-2022)
71.24100141268643,4,2448,612,1.0979852771958611,1.1260434521851945,62,early (2020-2022)
71.24100141268643,5,3060,612,1.0850973566424487,1.1033223742125002,130,early (2020-2022)
88.43663426832285,1,612,612,1.1905660051506959,1.1936651964881901,126,early (2020-2022)
88.43663426832285,2,1224,612,1.1484123951274696,1.1771240015532263,213,early (2020-2022)
88.43663426832285,3,1836,612,1.1496312107334288,1.1929805590951954,151,early (2020-2022)
88.43663426832285,4,2448,612,1.0939255329918927,1.1260434521851945,62,early (2020-2022)
88.43663426832285,5,3060,612,1.0846760255533512,1.1033223742125002,130,early (2020-2022)
109.78282345307318,1,612,612,1.1920105150368014,1.1936651964881901,126,early (2020-2022)
109.78282345307318,2,1224,612,1.1491837930616826,1.1771240015532263,213,early (2020-2022)
109.78282345307318,3,1836,612,1.1482159124286853,1.1929805590951954,151,early (2020-2022)
109.78282345307318,4,2448,612,1.0913241775600142,1.1260434521851945,62,early (2020-2022)
109.78282345307318,5,3060,612,1.084763889298771,1.1033223742125002,130,early (2020-2022)
136.2813999542456,1,612,612,1.193290950129501,1.1936651964881901,126,early (2020-2022)
136.2813999542456,2,1224,612,1.1501557993492177,1.1771240015532263,213,early (2020-2022)
136.2813999542456,3,1836,612,1.1474476085827214,1.1929805590951954,151,early (2020-2022)
136.2813999542456,4,2448,612,1.0897860797112733,1.1260434521851945,62,early (2020-2022)
136.2813999542456,5,3060,612,1.0853868457148823,1.1033223742125002,130,early (2020-2022)
169.17600940941313,1,612,612,1.1943932557343773,1.1936651964881901,126,early (2020-2022)
169.17600940941313,2,1224,612,1.151162102928382,1.1771240015532263,213,early (2020-2022)
169.17600940941313,3,1836,612,1.147201792519824,1.1929805590951954,151,early (2020-2022)
169.17600940941313,4,2448,612,1.089002977129244,1.1260434521851945,62,early (2020-2022)
169.17600940941313,5,3060,612,1.086503148259197,1.1033223742125002,130,early (2020-2022)
210.01047956142742,1,612,612,1.1953248715867997,1.1936651964881901,126,early (2020-2022)
210.01047956142742,2,1224,612,1.152118042512107,1.1771240015532263,213,early (2020-2022)
210.01047956142742,3,1836,612,1.1473293747480409,1.1929805590951954,151,early (2020-2022)
210.01047956142742,4,2448,612,1.0887543790195011,1.1260434521851945,62,early (2020-2022)
210.01047956142742,5,3060,612,1.0880042431463397,1.1033223742125002,130,early (2020-2022)
260.7012760236364,1,612,612,1.196102558792633,1.1936651964881901,126,early (2020-2022)
260.7012760236364,2,1224,612,1.152984263531912,1.1771240015532263,213,early (2020-2022)
260.7012760236364,3,1836,612,1.1476926400052827,1.1929805590951954,151,early (2020-2022)
260.7012760236364,4,2448,612,1.088877085883127,1.1260434521851945,62,early (2020-2022)
260.7012760236364,5,3060,612,1.089728880007791,1.1033223742125002,130,early (2020-2022)
323.62744688877655,1,612,612,1.1967461594789983,1.1936651964881901,126,early (2020-2022)
323.62744688877655,2,1224,612,1.1537462873787703,1.1771240015532263,213,early (2020-2022)
323.62744688877655,3,1836,612,1.1481814961030716,1.1929805590951954,151,early (2020-2022)
323.62744688877655,4,2448,612,1.0892408980092365,1.1260434521851945,62,early (2020-2022)
323.62744688877655,5,3060,612,1.0915134084558393,1.1033223742125002,130,early (2020-2022)
401.7422775109552,1,612,612,1.1972754718522403,1.1936651964881901,126,early (2020-2022)
401.7422775109552,2,1224,612,1.1544031823706948,1.1771240015532263,213,early (2020-2022)
401.7422775109552,3,1836,612,1.1487169227250247,1.1929805590951954,151,early (2020-2022)
401.7422775109552,4,2448,612,1.089742727564335,1.1260434521851945,62,early (2020-2022)
401.7422775109552,5,3060,612,1.0932316672994764,1.1033223742125002,130,early (2020-2022)
498.7118957038203,1,612,612,1.1977087787665275,1.1936651964881901,126,early (2020-2022)
498.7118957038203,2,1224,612,1.1549611635423966,1.1771240015532263,213,early (2020-2022)
498.7118957038203,3,1836,612,1.1492473896447972,1.1929805590951954,151,early (2020-2022)
498.7118957038203,4,2448,612,1.0903054370518475,1.1260434521851945,62,early (2020-2022)
498.7118957038203,5,3060,612,1.0948059146724833,1.1033223742125002,130,early (2020-2022)
619.0873324496347,1,612,612,1.1980622556807652,1.1936651964881901,126,early (2020-2022)
619.0873324496347,2,1224,612,1.1554298828002636,1.1771240015532263,213,early (2020-2022)
619.0873324496347,3,1836,612,1.1497426398445814,1.1929805590951954,151,early (2020-2022)
619.0873324496347,4,2448,612,1.090875344721797,1.1260434521851945,62,early (2020-2022)
619.0873324496347,5,3060,612,1.0961993085376238,1.1033223742125002,130,early (2020-2022)
768.5181133662479,1,612,612,1.198349839694207,1.1936651964881901,126,early (2020-2022)
768.5181133662479,2,1224,612,1.155820253412345,1.1771240015532263,213,early (2020-2022)
768.5181133662479,3,1836,612,1.1501874241900143,1.1929805590951954,151,early (2020-2022)
768.5181133662479,4,2448,612,1.0914181427857552,1.1260434521851945,62,early (2020-2022)
768.5181133662479,5,3060,612,1.097403103708914,1.1033223742125002,130,early (2020-2022)
954.0174053231276,1,612,612,1.198583330453027,1.1936651964881901,126,early (2020-2022)
954.0174053231276,2,1224,612,1.1561431929819959,1.1771240015532263,213,early (2020-2022)
954.0174053231276,3,1836,612,1.1505763140294543,1.1929805590951954,151,early (2020-2022)
954.0174053231276,4,2448,612,1.0919142932337529,1.1260434521851945,62,early (2020-2022)
954.0174053231276,5,3060,612,1.0984252866066169,1.1033223742125002,130,early (2020-2022)
1184.2911622119798,1,612,612,1.1987725968481788,1.1936651964881901,126,early (2020-2022)
1184.2911622119798,2,1224,612,1.1564089336801646,1.1771240015532263,213,early (2020-2022)
1184.2911622119798,3,1836,612,1.150909849162622,1.1929805590951954,151,early (2020-2022)
1184.2911622119798,4,2448,612,1.092354753772523,1.1260434521851945,62,early (2020-2022)
1184.2911622119798,5,3060,612,1.0992824530185163,1.1033223742125002,130,early (2020-2022)
1470.1467175206903,1,612,612,1.1989258208184401,1.1936651964881901,126,early (2020-2022)
1470.1467175206903,2,1224,612,1.1566266852764429,1.1771240015532263,213,early (2020-2022)
1470.1467175206903,3,1836,612,1.1511918789426376,1.1929805590951954,151,early (2020-2022)
1470.1467175206903,4,2448,612,1.0927374519306703,1.1260434521851945,62,early (2020-2022)
1470.1467175206903,5,3060,612,1.0999946388473434,1.1033223742125002,130,early (2020-2022)
1824.9999999999995,1,612,612,1.1990497419199373,1.1936651964881901,126,early (2020-2022)
1824.9999999999995,2,1224,612,1.1568045140899383,1.1771240015532263,213,early (2020-2022)
1824.9999999999995,3,1836,612,1.1514278293692985,1.1929805590951954,151,early (2020-2022)
1824.9999999999995,4,2448,612,1.093064604979604,1.1260434521851945,62,early (2020-2022)
1824.9999999999995,5,3060,612,1.100582295305449,1.1033223742125002,130,early (2020-2022)
29.999999999999996,1,908,904,1.133731302135578,1.1645577230285695,411,late (2023+)
29.999999999999996,2,1812,904,1.0775406171354418,1.111584215894841,202,late (2023+)
29.999999999999996,3,2716,904,1.1435114821448784,1.21840603836992,484,late (2023+)
29.999999999999996,4,3620,904,1.0510642060009048,1.105096800308958,107,late (2023+)
29.999999999999996,5,4524,904,1.0581497417158867,1.1545408618883575,218,late (2023+)
37.24118099745335,1,908,904,1.1347926312757848,1.1645577230285695,411,late (2023+)
37.24118099745335,2,1812,904,1.0752103804341075,1.111584215894841,202,late (2023+)
37.24118099745335,3,2716,904,1.1350713327161348,1.21840603836992,484,late (2023+)
37.24118099745335,4,3620,904,1.0492661882528385,1.105096800308958,107,late (2023+)
37.24118099745335,5,4524,904,1.05138912247663,1.1545408618883575,218,late (2023+)
46.23018540283602,1,908,904,1.1363820387523353,1.1645577230285695,411,late (2023+)
46.23018540283602,2,1812,904,1.0715041357327635,1.111584215894841,202,late (2023+)
46.23018540283602,3,2716,904,1.130511078740507,1.21840603836992,484,late (2023+)
46.23018540283602,4,3620,904,1.0476246248741723,1.105096800308958,107,late (2023+)
46.23018540283602,5,4524,904,1.045588329527312,1.1545408618883575,218,late (2023+)
57.38889007109474,1,908,904,1.1387117618612517,1.1645577230285695,411,late (2023+)
57.38889007109474,2,1812,904,1.067869136547647,1.111584215894841,202,late (2023+)
57.38889007109474,3,2716,904,1.1288402980296284,1.21840603836992,484,late (2023+)
57.38889007109474,4,3620,904,1.0463340961146352,1.105096800308958,107,late (2023+)
57.38889007109474,5,4524,904,1.0408509581564394,1.1545408618883575,218,late (2023+)
71.24100141268643,1,908,904,1.1417107891818539,1.1645577230285695,411,late (2023+)
71.24100141268643,2,1812,904,1.0657471297749035,1.111584215894841,202,late (2023+)
71.24100141268643,3,2716,904,1.1285764355055445,1.21840603836992,484,late (2023+)
71.24100141268643,4,3620,904,1.0455402183634213,1.105096800308958,107,late (2023+)
71.24100141268643,5,4524,904,1.0370942545316746,1.1545408618883575,218,late (2023+)
88.43663426832285,1,908,904,1.145078455084857,1.1645577230285695,411,late (2023+)
88.43663426832285,2,1812,904,1.0654453292665718,1.111584215894841,202,late (2023+)
88.43663426832285,3,2716,904,1.1288578175820476,1.21840603836992,484,late (2023+)
88.43663426832285,4,3620,904,1.0452855020085001,1.105096800308958,107,late (2023+)
88.43663426832285,5,4524,904,1.0341325304035909,1.1545408618883575,218,late (2023+)
109.78282345307318,1,908,904,1.1484923373512201,1.1645577230285695,411,late (2023+)
109.78282345307318,2,1812,904,1.0664115355644461,1.111584215894841,202,late (2023+)
109.78282345307318,3,2716,904,1.1293585278057348,1.21840603836992,484,late (2023+)
109.78282345307318,4,3620,904,1.0455185523752522,1.105096800308958,107,late (2023+)
109.78282345307318,5,4524,904,1.0317665079514846,1.1545408618883575,218,late (2023+)
136.2813999542456,1,908,904,1.1517220681922535,1.1645577230285695,411,late (2023+)
136.2813999542456,2,1812,904,1.0679755258970158,1.111584215894841,202,late (2023+)
136.2813999542456,3,2716,904,1.1299517947936537,1.21840603836992,484,late (2023+)
136.2813999542456,4,3620,904,1.0461322562355384,1.105096800308958,107,late (2023+)
136.2813999542456,5,4524,904,1.02987129987831,1.1545408618883575,218,late (2023+)
169.17600940941313,1,908,904,1.1546416049438786,1.1645577230285695,411,late (2023+)
169.17600940941313,2,1812,904,1.0696839251013586,1.111584215894841,202,late (2023+)
169.17600940941313,3,2716,904,1.1305535273237135,1.21840603836992,484,late (2023+)
169.17600940941313,4,3620,904,1.0470193169144442,1.105096800308958,107,late (2023+)
169.17600940941313,5,4524,904,1.0284074414418678,1.1545408618883575,218,late (2023+)
210.01047956142742,1,908,904,1.157201859589768,1.1645577230285695,411,late (2023+)
210.01047956142742,2,1812,904,1.0713039916289222,1.111584215894841,202,late (2023+)
210.01047956142742,3,2716,904,1.1311171823435904,1.21840603836992,484,late (2023+)
210.01047956142742,4,3620,904,1.0480953994676399,1.105096800308958,107,late (2023+)
210.01047956142742,5,4524,904,1.0273646838799204,1.1545408618883575,218,late (2023+)
260.7012760236364,1,908,904,1.1594007440111889,1.1645577230285695,411,late (2023+)
260.7012760236364,2,1812,904,1.0727416404949173,1.111584215894841,202,late (2023+)
260.7012760236364,3,2716,904,1.131633222207419,1.21840603836992,484,late (2023+)
260.7012760236364,4,3620,904,1.0492891070808432,1.105096800308958,107,late (2023+)
260.7012760236364,5,4524,904,1.0267183002543132,1.1545408618883575,218,late (2023+)
323.62744688877655,1,908,904,1.1612614605275926,1.1645577230285695,411,late (2023+)
323.62744688877655,2,1812,904,1.0739740263577016,1.111584215894841,202,late (2023+)
323.62744688877655,3,2716,904,1.1321040643526827,1.21840603836992,484,late (2023+)
323.62744688877655,4,3620,904,1.0505321750628076,1.105096800308958,107,late (2023+)
323.62744688877655,5,4524,904,1.026414652138493,1.1545408618883575,218,late (2023+)
401.7422775109552,1,908,904,1.1628189322888949,1.1645577230285695,411,late (2023+)
401.7422775109552,2,1812,904,1.0750102309023004,1.111584215894841,202,late (2023+)
401.7422775109552,3,2716,904,1.1325300132878082,1.21840603836992,484,late (2023+)
401.7422775109552,4,3620,904,1.0517590096700682,1.105096800308958,107,late (2023+)
401.7422775109552,5,4524,904,1.026377045010265,1.1545408618883575,218,late (2023+)
498.7118957038203,1,908,904,1.1641118923840634,1.1645577230285695,411,late (2023+)
498.7118957038203,2,1812,904,1.0758714778489291,1.111584215894841,202,late (2023+)
498.7118957038203,3,2716,904,1.132909563427386,1.21840603836992,484,late (2023+)
498.7118957038203,4,3620,904,1.0529146657609745,1.105096800308958,107,late (2023+)
498.7118957038203,5,4524,904,1.0265220788113256,1.1545408618883575,218,late (2023+)
619.0873324496347,1,908,904,1.165178497079398,1.1645577230285695,411,late (2023+)
619.0873324496347,2,1812,904,1.0765820166293012,1.111584215894841,202,late (2023+)
619.0873324496347,3,2716,904,1.1332422034262901,1.21840603836992,484,late (2023+)
619.0873324496347,4,3620,904,1.0539623618442036,1.105096800308958,107,late (2023+)
619.0873324496347,5,4524,904,1.026775131958228,1.1545408618883575,218,late (2023+)
768.5181133662479,1,908,904,1.1660540575398053,1.1645577230285695,411,late (2023+)
768.5181133662479,2,1812,904,1.0771652272610226,1.111584215894841,202,late (2023+)
768.5181133662479,3,2716,904,1.1335293911631645,1.21840603836992,484,late (2023+)
768.5181133662479,4,3620,904,1.054884404469365,1.105096800308958,107,late (2023+)
768.5181133662479,5,4524,904,1.0270785425071016,1.1545408618883575,218,late (2023+)
954.0174053231276,1,908,904,1.16677002714713,1.1645577230285695,411,late (2023+)
954.0174053231276,2,1812,904,1.07764213397496,1.111584215894841,202,late (2023+)
954.0174053231276,3,2716,904,1.133774233304761,1.21840603836992,484,late (2023+)
954.0174053231276,4,3620,904,1.0556780732718734,1.105096800308958,107,late (2023+)
954.0174053231276,5,4524,904,1.0273927222706283,1.1545408618883575,218,late (2023+)
1184.2911622119798,1,908,904,1.1673537184924474,1.1645577230285695,411,late (2023+)
1184.2911622119798,2,1812,904,1.078030991691311,1.111584215894841,202,late (2023+)
1184.2911622119798,3,2716,904,1.1339808253274664,1.21840603836992,484,late (2023+)
1184.2911622119798,4,3620,904,1.0563502008864978,1.105096800308958,107,late (2023+)
1184.2911622119798,5,4524,904,1.0276933263022765,1.1545408618883575,218,late (2023+)
1470.1467175206903,1,908,904,1.1678284272971078,1.1645577230285695,411,late (2023+)
1470.1467175206903,2,1812,904,1.0783473351360033,1.111584215894841,202,late (2023+)
1470.1467175206903,3,2716,904,1.1341536731189872,1.21840603836992,484,late (2023+)
1470.1467175206903,4,3620,904,1.0569126357187184,1.105096800308958,107,late (2023+)
1470.1467175206903,5,4524,904,1.0279672359288368,1.1545408618883575,218,late (2023+)
1824.9999999999995,1,908,904,1.1682137653317684,1.1645577230285695,411,late (2023+)
1824.9999999999995,2,1812,904,1.0786042153561102,1.111584215894841,202,late (2023+)
1824.9999999999995,3,2716,904,1.1342972880997795,1.21840603836992,484,late (2023+)
1824.9999999999995,4,3620,904,1.0573791426686585,1.105096800308958,107,late (2023+)
1824.9999999999995,5,4524,904,1.0282088517383303,1.1545408618883575,218,late (2023+)
